,allegiance,alma mater,awards,battles/wars,born,children,citizenship,commands,died,domestic partner,education,father,nationality,net worth,nickname(s),notable award(s),occupation,other politicalaffiliations,parents,political party,profession,rank,relations,relatives,resting place,salary,service/branch,spouse(s),unit,years of service
0,,,,, (1961-12-07) 7 december 1961 (age 56),,,,,,,,pakistani,,,,,,,pakistan peoples party,,,,,,,,,,
0,,,,, (1976-07-18) 18 july 1976 (age 42),,,,,,,,pakistani,,,,,,,pakistan muslim league (n),,,,,,,,,,
0,,,,,,,,,,,,,pakistani,,,,,,,,,,,,,,,,,
0,,,,,,,,,,,,ghulam muhammad maneka[1],pakistani,,,,,,,pakistan muslim league (n),,,,,,,,,,
0,,,,, (1968-09-01) september 1| 1968 (age 50),,,,,,,,pakistani,,,,,,,pakistan peoples party,,,,ali mohammad mahar (brother)  ali nawaz khan mehar (brother),,,,,,
0,,,,,,,,,,,,zahid hamid[1],pakistani,,,,,,,pakistan muslim league (n),,,,,,,,,,
0,,,,,,,,,,,,,pakistani,,,,,,,pakistan peoples party parliamentarians,,,,,,,,,,
0,,,,,,,,,,,,,pakistani,,,,,,,pakistan peoples party,,,arbab ghulam rahim (uncle)[1],,,,,,,
0,,de'montmorency college of dentistryuniversity of michiganuniversity of the pacific,,, (1949-08-29) 29 august 1949 (age 69)karachi| sind| pakistan,4.0,,,,,,,pakistani,,,,,,,pakistan tehreek-e-insaf,,,,,,,,samina alvi[1],,
0,,,,, (1969-11-15) november 15| 1969 (age 49)swabi district| pakistan,,,,,,,,pakistani,,,,,,,pakistan tehreek-e-insaf,,,,,,,,,,
0,,,sitara-i-imtiaz,,1961 (age 56–57)rawalpindi,,,,,,,,pakistani,,,,,,,pakistan tehreek-e-insaf,,,,,,,,,,
0,,,,,,,,,,,,,pakistani,,,,,,,pakistan muslim league (n),,,,,,,,,,
0,,,,,,,,,,,,,pakistani,,,,,,,pakistan tehreek-e-insaf,,,,,,,,,,
0,,aitchison collegehailey college of commerce,,, (1954-10-17) 17 october 1954 (age 64)[1][2]lahore| punjab| pakistan,3.0,,,,,,,pakistani,,,,,pakistan tehreek-e-insaf (before 1998),,pakistan muslim league (n)(2001–present),,,,,,,,reema ayaz (m. 1977)[3],,
0,,university of houston,,, (1956-06-22) 22 june 1956 (age 62),,,,,,,,,,,,,,,"jamiat ulema-i-islam (2002–2011)
pakistan tehreek-e-insaf (2011–present)",politician,,,,,,,,,
0,,,,,,,,,,,,,pakistani,,,,,,,pakistan tehreek-e-insaf,,,,,,,,,,
0,,,,,,,,,,,,,pakistani,,,,,,,pakistan muslim league (n),,,,,,,,,,
0,,liaquat university,,, (1956-12-20) 20 december 1956 (age 61)karachi| sindh| pakistan,hasnain mirza (son),,,,,,qazi abdul majeed abid,,,,,,,,,,,zafar hussain mirza (father-in-law),,,,,zulfiqar mirza,,
0,,,,,,,,,,,,,pakistani,,,,,,,pakistan tehreek-e-insaf,,,,,,,,,,
0,,,,,,,,,,,,,pakistani,,,,,,,pakistan tehreek-e-insaf,,,,,,,,,,
0,,,,,,,,,,,,,pakistani,,,,,,,pakistan tehreek-e-insaf,,,,,,,,,,
0,,,,,1981/1982 (age 36–37)[1],,,,,,,mian muhammad azhar,pakistani,,,,,,,pakistan tehreek-e-insaf,,,,,,,,,,
0,,,,, (1975-09-26) 26 september 1975 (age 43)mirpur bathoro,,,,,,,,pakistani,,,,,,,,,,,,,,,,,
0,,,,,,,,,,,,,pakistani,,,,,,,pakistan peoples party,,,,,,,,,,
0,,,hilal-e-imtiaz  1992                  pride of performance  1983                  ,,imran ahmed khan niazi (1952-10-05) 5 october 1952 (age 66)lahore| pakistan,3,,,,emma sergeant (1982–1986)[1]sita white (c. 1987–1991)[2][3],keble college| oxford(b.a. (hons.) in ppe),,,₨1.4 billion (us$13 million)[5],kaptaan[6][7],,,,,pakistan tehreek-e-insaf,,,,,,₨1.68 million (us$16|000)[4],,jemima goldsmith(m. 1995; div. 2004)reham khan(m. 2015; div. 2015)bushra bibi (m. 2018),,
0,,,,,,,,,,,,,pakistani,,,,,,,pakistan tehreek-e-insaf,,,,pervez khattak (father in law and uncle),,,,,,
0,,,,,,,,,,,,,pakistani,,,,,,,pakistan peoples party,,,,,,,,,,
0,,,,,,,,,,,,,pakistani,,,,,,,pakistan peoples party,,,,,,,,,,
0,,,,,,,,,,,,,pakistani,,,,,,,pakistan muslim league (n),,,,,,,,,,
0,,university of the punjab,,, (1949-08-09) 9 august 1949 (age 69)sialkot| punjab| pakistan,,,,,,,khawaja muhammad safdar,pakistani,,,,,,,pakistan muslim league (n),,,shaza fatima khawaja (niece)[1],,,,,musarrat asif khawaja [1],,
0,,,,,,,,,,,,,pakistani,,,,,,,pakistan peoples party,,,,,,,,,,
0,,,,, (1972-10-30) 30 october 1972 (age 46)matta| khyber pakhtunkhwa| pakistan,,,,,,,,pakistani,,,,,,,pakistan tehreek-e-insaf,,,,,,,,,,
0,,,,,,,,,,,,,pakistani,,,,,,,pakistan tehreek-e-insaf,,,,,,,,,,
0,,,,,,,,,,,,,pakistani,,,,,,,pakistan tehreek-e-insaf,,,,,,,,,,
0,,,,,,,,,,,,,,,,,,,,vision montreal (1998-2007)union montreal (2007-2012)independent (2012-2013)équipe denis coderre (2013-present),,,,,,,,,,
0,,,,, (1955-10-04) october 4| 1955 (age 63)hafizabad,,,,,,,,,,,,,pakistan muslim league (q) (2002-2013)pakistan people party (1993-2002)islami jamhoori ittehad (1988-1993),,pakistan tehreek-e-insaf (2017-),,,,,,,,,,
0,,,,,,,,,,,,,pakistani,,,,,,,pakistan tehreek-e-insaf,,,,,,,,,,
0,,,,,,,,,,,,,pakistani,,,,,,,pakistan peoples party,,,,usman badini (brother),,,,,,
0,,,,,,,,,,,,,pakistani,,,,,,,muttahida qaumi movement,,,,,,,,,,
0,,,,, (1967-06-27) 27 june 1967 (age 51),,,,,,,,pakistani,,,,,,,pakistan muslim league (n),,,,,,,,,,
0, british india pakistan,st. stephen's college| delhiunited states army command and general staff college,,world war iiindo-pakistani war of 1965black september in jordansoviet–afghan war,"(1924-08-12)12 august 1924jalandhar| punjab| british india
(now in punjab|india)",5 (including muhammad ijaz-ul-haq),,2nd independent armoured brigade1st armoured divisionii strike corpschief of army staff,17 august 1988(1988-08-17) (aged 64)bahawalpur| punjab| pakistan,,,,british indian (1924–1947) pakistani (1947–1988),,mard-e-momin,,,,,,, general,,,faisal mosque,, british indian army pakistan army,begum shafiq zia (1950–1988; his death)[1],22 cavalry| army armoured corps (pa – 1810),1943–1988
0,,,,,,,,,,,,,pakistani,,,,,,,muttahida majlis-e-amal,,,,,,,,,,
0,,f.c. college university(ba in journalism)georgetown university(ms in foreign service),,,mushahid hussain syed1952 (age 65–66)sialkot| punjab| pakistan,, pakistan,,,,,,,,,,,,,pakistan muslim league (n),journalist| politician|,,,,,,,,,
0,,university of manchesternorthrop universitycalifornia state university| los angeles,,, (1955-09-22) 22 september 1955 (age 63)[1][2]karachi| pakistan,,,,,,,,,,,,,,,pakistan peoples party,,,qamar zaman shah (father),,,,,,,
0,,govt. college  university(b.a. arts| bba)university of the punjab(llb),,,mian muhammad nawaz sharif (1949-12-25) 25 december 1949 (age 68)lahore| pakistan,maryam hussain hassanasma,,,,,,, pakistan,₨1.6 billion (us$15 million) (2017)[1],,,,,,pakistan muslim league (before 1988) islami jamhoori ittehad 1988–1993pakistan muslim league (n) 1993–2018,,,,see sharif family,,,,kulsoom nawaz(m. 1970; died 2018),,
0,,gordon collegeba,,,,,,,,,,,pakistan,,,,,,,pakistan muslim league (n)(1997–present),,,,,,,,,,
0,,,,,,,,,,,,,pakistani,,,,,,,pakistan peoples party,,,,,,,,,,
0,,,,,,,,,,,,,pakistani,,,,,,,pakistan tehreek-e-insaf,,,,,,,,,,
0,,university of karachi,,,abdul rehman malik (1951-12-12) 12 december 1951 (age 66)sialkot| punjab,,,,,,,, pakistan (1951–2003; continued from 2013)  united kingdom (2003–2012),,,nishan-e-imtiaz (2012),,,,pakistan peoples party,,,,,,,,,,
0,,,,,,,,,,,,,pakistani,,,,,,,pakistan muslim league (n),,,,,,,,,,
0,,fort worth school of aviation,,, (1959-01-25) 25 january 1959 (age 59)karachi| pakistan,,,,,,,,,,,,,,,pakistan peoples party,,,mehmood mandviwalla (cousin)[1],,,,,,,
0,,,,,,,,,,,,,pakistani,,,,,,,pakistan muslim league (n),,,,,,,,,,
0,,,,,,,,,,,,,pakistani,,,,,,jan mohammad jamali (father)[1],,,,,,,,,,,
0,,,,,bannu| khyber-pakhtunkhwa| pakistan,,,,,,,,pakistani,,,,politician,,,pakistan tehreek-e-insaf,,,,,,,,,,
0,,,,, (1942-07-06) 6 july 1942 (age 76),,,,,,,,pakistani,,,,,,,pakistan muslim league (n),,,,,,,,,,
0,,,,,,,,,,,,,pakistani,,,,,,,pakistan peoples party,,,,,,,,,,
0,,,,, (1976-08-20) august 20| 1976 (age 42),,,,,,,,pakistani,,,,,,,pakistan muslim league (n),,,,,,,,,,
0,,,,,,,,,,,,,pakistani,,,,,,,pakistan tehreek-e-insaf,,,,,,,,,,
0,,university of london,,, (1954-12-31) 31 december 1954 (age 63),,,,,,,,bangladeshi,,,,,,,,judge,,,,,,,,,
0,,,,,bahawalpur| punjab| pakistan,,,,,,,malik muhammad iqbal channar,pakistani,,,,,,,pakistan muslim league (n),,,,,,,,,,
