Data Source,World Development Indicators,,,,,,,,,,,,,,,,,,,,,,,,,,,,,,,,,,,,,,,,,,,,,,,,,,,,,,,,,,,,
Last Updated Date,2018-03-01,,,,,,,,,,,,,,,,,,,,,,,,,,,,,,,,,,,,,,,,,,,,,,,,,,,,,,,,,,,,
Country Name,Country Code,Indicator Name,Indicator Code,1960,1961,1962,1963,1964,1965,1966,1967,1968,1969,1970,1971,1972,1973,1974,1975,1976,1977,1978,1979,1980,1981,1982,1983,1984,1985,1986,1987,1988,1989,1990,1991,1992,1993,1994,1995,1996,1997,1998,1999,2000,2001,2002,2003,2004,2005,2006,2007,2008,2009,2010,2011,2012,2013,2014,2015,2016,2017
Aruba,ABW,"Principal repayments on external debt, long-term (AMT, current US$)",DT.AMT.DLXF.CD,,,,,,,,,,,,,,,,,,,,,,,,,,,,,,,,,,,,,,,,,,,,,,,,,,,,,,,,,,
Afghanistan,AFG,"Principal repayments on external debt, long-term (AMT, current US$)",DT.AMT.DLXF.CD,,,,,,,,,,,0,0,0,0,0,0,0,0,0,0,0,0,0,0,0,0,0,0,0,0,0,0,0,0,0,0,0,0,0,0,0,0,0,0,0,0,3493000,1272000,1296000,3140000,966000,862000,1612000,4159000,8403000,14387000,14763000,203225000
Angola,AGO,"Principal repayments on external debt, long-term (AMT, current US$)",DT.AMT.DLXF.CD,,,,,,,,,,,0,0,0,0,0,0,0,0,0,0,0,0,0,0,0,0,0,0,0,139630000,182630000,232465000,144022000,62876000,153291000,335209000,654265000,816339000,1284569000,1269938000,1530134000,2083959000,1284813000,1316586000,1701659000,2288860000,3508348000,3778645000,1129620000,3131099000,2109576000,2681257000,3554361000,3723279000,4882555000,3963785000,5638627000,10406506000
Albania,ALB,"Principal repayments on external debt, long-term (AMT, current US$)",DT.AMT.DLXF.CD,,,,,,,,,,,0,0,0,0,0,0,0,0,0,0,0,0,0,0,0,0,0,0,0,0,0,803000,0,5032000,8084000,412000,5313000,7953000,10434000,11282000,9148000,12375000,22245000,28174000,42330000,52641000,110209000,87187000,93913000,121890000,250093000,301985000,350231000,347736000,502502000,832052000,455864000,931556000
Andorra,AND,"Principal repayments on external debt, long-term (AMT, current US$)",DT.AMT.DLXF.CD,,,,,,,,,,,,,,,,,,,,,,,,,,,,,,,,,,,,,,,,,,,,,,,,,,,,,,,,,,
Arab World,ARB,"Principal repayments on external debt, long-term (AMT, current US$)",DT.AMT.DLXF.CD,,,,,,,,,,,,,,,,,,,,,,,,,,,,,,,,,,,,,,,,,,,,,,,,,,,,,,,,,,
United Arab Emirates,ARE,"Principal repayments on external debt, long-term (AMT, current US$)",DT.AMT.DLXF.CD,,,,,,,,,,,,,,,,,,,,,,,,,,,,,,,,,,,,,,,,,,,,,,,,,,,,,,,,,,
Argentina,ARG,"Principal repayments on external debt, long-term (AMT, current US$)",DT.AMT.DLXF.CD,,,,,,,,,,,776614000,731460000,768433000,922873000,1006804000,982927000,1066371000,1162239000,2049493000,1313908000,1923360000,1964228000,1309192000,1382480000,842967000,1031918000,2061580000,1555243000,1426650000,1530529000,2761080000,1534347000,1179848000,2227371000,1520638000,3073509000,6369405000,8342648000,9802887000,13961330000,11688611000,11685325000,2469468000,6503243000,4980522000,3490623000,5121043000,5273662000,5663819000,11306264000,11689916000,12076190000,9784671000,11761495000,9743392000,10820570000,12079160000,26638562000
Armenia,ARM,"Principal repayments on external debt, long-term (AMT, current US$)",DT.AMT.DLXF.CD,,,,,,,,,,,0,0,0,0,0,0,0,0,0,0,0,0,0,0,0,0,0,0,0,0,0,0,0,592000,0,2817000,32830000,7533000,40163000,25672000,15300000,24046000,32920000,61666000,81441000,69176000,48599000,58465000,252879000,299738000,857040000,742190000,854048000,1599449000,1076702000,1307938000,1173448000,1120092000
American Samoa,ASM,"Principal repayments on external debt, long-term (AMT, current US$)",DT.AMT.DLXF.CD,,,,,,,,,,,,,,,,,,,,,,,,,,,,,,,,,,,,,,,,,,,,,,,,,,,,,,,,,,
Antigua and Barbuda,ATG,"Principal repayments on external debt, long-term (AMT, current US$)",DT.AMT.DLXF.CD,,,,,,,,,,,,,,,,,,,,,,,,,,,,,,,,,,,,,,,,,,,,,,,,,,,,,,,,,,
Australia,AUS,"Principal repayments on external debt, long-term (AMT, current US$)",DT.AMT.DLXF.CD,,,,,,,,,,,,,,,,,,,,,,,,,,,,,,,,,,,,,,,,,,,,,,,,,,,,,,,,,,
Austria,AUT,"Principal repayments on external debt, long-term (AMT, current US$)",DT.AMT.DLXF.CD,,,,,,,,,,,,,,,,,,,,,,,,,,,,,,,,,,,,,,,,,,,,,,,,,,,,,,,,,,
Azerbaijan,AZE,"Principal repayments on external debt, long-term (AMT, current US$)",DT.AMT.DLXF.CD,,,,,,,,,,,0,0,0,0,0,0,0,0,0,0,0,0,0,0,0,0,0,0,0,0,0,0,0,0,0,0,0,57610000,2686000,16623000,21544000,58948000,86976000,116857000,146851000,151638000,180202000,74877000,172794000,265215000,320721000,862066000,926579000,1511331000,1490770000,917936000,1231315000,1636609000
Burundi,BDI,"Principal repayments on external debt, long-term (AMT, current US$)",DT.AMT.DLXF.CD,,,,,,,,,,,444060.7,362790.8,1620936,666731,742504.7,1602213,2292451.5,2384485.7,1918968.6,2886721.6,4290638.7,3629587.9,3289332.9,3569279.9,7752214,12401935.8,16428825.6,24290491.1,23512759.9,23624151.9,27548539.9,25272380.6,21539396.3,18915997,21744335.1,17748726.2,12658909.2,12495029.9,13000358.9,14140353.1,9434516.1,12144427.2,14010539,21413602.9,42752418.5,27177212,13672302.1,11291304.9,11293550.3,8509064.6,2444606.2,5822401.3,10215239.5,18290557.2,8700331.3,4799735,10607916,20404252.4
Belgium,BEL,"Principal repayments on external debt, long-term (AMT, current US$)",DT.AMT.DLXF.CD,,,,,,,,,,,,,,,,,,,,,,,,,,,,,,,,,,,,,,,,,,,,,,,,,,,,,,,,,,
Benin,BEN,"Principal repayments on external debt, long-term (AMT, current US$)",DT.AMT.DLXF.CD,,,,,,,,,,,1375000,2705000,2402000,1880000,5438000,5269000,3362000,3020000,3177000,3409000,5829000,6925000,8572000,11845000,22178000,27314000,29761000,13941000,10250000,7150000,18448000,15301000,15054000,17867000,18895000,23257000,24082000,25455000,27660000,34898000,43210000,20306000,20707000,15187000,17739000,24091000,27016000,18226000,15979000,25249000,25107000,28922000,38962000,67552000,50873000,42823000,52757000,73392000
Burkina Faso,BFA,"Principal repayments on external debt, long-term (AMT, current US$)",DT.AMT.DLXF.CD,,,,,,,,,,,1752000,1546000,1504000,2315000,2503000,3716000,3094000,3763000,4542000,4678000,10606000,7568000,7695000,7484000,12216000,14951000,18681000,14264000,21241000,15751000,18247000,25125000,14615000,19833000,26976000,28610000,29909000,31204000,32383000,38452000,26232000,18355000,19341000,27648000,32645000,24750000,27178000,24865000,26853000,28117000,29871000,42615000,42862000,48361000,57876000,70163000,70800000,103545000
Bangladesh,BGD,"Principal repayments on external debt, long-term (AMT, current US$)",DT.AMT.DLXF.CD,,,,,,,,,,,0,0,0,6249000,16137000,57256000,41911000,50255000,63377000,55024000,33737000,56374000,69361000,71198000,93600000,107829000,142741000,169877000,214616000,198551000,333710000,272943000,288737000,266339000,304133000,510834000,367304000,382557000,354050000,408963000,488660000,424764000,447347000,412154000,451848000,574841000,482588000,744009000,669115000,770191000,837473000,1187421000,1155657000,1461211000,1572328000,1290311000,1348286000,1890767000
Bulgaria,BGR,"Principal repayments on external debt, long-term (AMT, current US$)",DT.AMT.DLXF.CD,,,,,,,,,,,0,0,0,0,0,0,0,0,0,0,0,25000000,85372000,191153000,253436000,960312000,1254852000,1573635000,1855728000,1904339000,864821000,129294000,138036000,84464000,449710000,319254000,478051000,380751000,586174000,626704000,526953000,502288000,753082000,526923000,1765438000,3349214000,2601030000,4440097000,3960220000,3989298000,3550038000,3566611000,3777178000,5200996000,4434272000,7172935000,5786642000,3048362000
Bahrain,BHR,"Principal repayments on external debt, long-term (AMT, current US$)",DT.AMT.DLXF.CD,,,,,,,,,,,,,,,,,,,,,,,,,,,,,,,,,,,,,,,,,,,,,,,,,,,,,,,,,,
"Bahamas, The",BHS,"Principal repayments on external debt, long-term (AMT, current US$)",DT.AMT.DLXF.CD,,,,,,,,,,,,,,,,,,,,,,,,,,,,,,,,,,,,,,,,,,,,,,,,,,,,,,,,,,
Bosnia and Herzegovina,BIH,"Principal repayments on external debt, long-term (AMT, current US$)",DT.AMT.DLXF.CD,,,,,,,,,,,0,0,0,0,0,0,0,0,0,0,0,0,0,0,0,0,0,0,0,0,0,0,0,0,0,0,0,0,0,3945000,170846000,199698000,70486000,71075000,73232000,95232000,98608000,109334000,136512000,329623000,1292714000,594250000,809546000,668820000,989388000,1494819000,2214719000,1771047000
Belarus,BLR,"Principal repayments on external debt, long-term (AMT, current US$)",DT.AMT.DLXF.CD,,,,,,,,,,,0,0,0,0,0,0,0,0,0,0,0,0,0,0,0,0,0,0,0,0,0,0,0,2001000,87170000,107935000,58937000,69367000,60468000,90305000,205703000,189318000,249185000,299312000,240064000,510513000,482473000,757305000,858203000,1283224000,1265261000,2347413000,3419029000,1938350000,2973877000,4033660000,4679917000,4317021000
Belize,BLZ,"Principal repayments on external debt, long-term (AMT, current US$)",DT.AMT.DLXF.CD,,,,,,,,,,,0,5000,30000,199000,192000,180000,157000,151000,133000,236000,572000,1512000,3192000,4151000,3162000,10079000,8241000,7980000,8313000,6289000,9049000,10585000,10307000,11504000,16692000,25384000,27330000,25464000,25042000,24525000,41182000,48148000,139449000,86075000,254461000,155456000,72688000,584969000,86891000,68816000,68760000,72213000,102816000,101697000,46933000,50288000,51181000,117822000
Bermuda,BMU,"Principal repayments on external debt, long-term (AMT, current US$)",DT.AMT.DLXF.CD,,,,,,,,,,,,,,,,,,,,,,,,,,,,,,,,,,,,,,,,,,,,,,,,,,,,,,,,,,
Bolivia,BOL,"Principal repayments on external debt, long-term (AMT, current US$)",DT.AMT.DLXF.CD,,,,,,,,,,,23273000,21950000,34239000,35930000,56695000,57940000,78394000,110428000,283488000,165939000,148894000,131799000,126822000,109764000,153618000,177923000,107194000,91467000,196543000,158728000,200145000,152419000,134508000,173324000,177792000,177224000,202940000,233670000,236982000,269154000,438374000,343975000,348460000,281945000,357500000,316060000,209232000,525283000,767456000,454200000,568218000,357623000,557959000,428447000,816660000,796721000,550229000,1224689000
Brazil,BRA,"Principal repayments on external debt, long-term (AMT, current US$)",DT.AMT.DLXF.CD,,,,,,,,,,,462601000,574107000,769808000,1164603000,1938718000,2259920000,2556060000,3711682000,5247707000,6561629000,6884341000,7463455000,7620997000,3717125000,4401384000,2336680000,3259967000,3518006000,3331516000,8133142000,5179529000,4277841000,4305644000,6587643000,9650750000,11046655000,14741024000,26406168000,35934442000,48437634000,34745615000,32863771000,32435483000,29552500000,34649560000,25787635000,47429109000,40466432000,40354816000,30473000000,32026156000,41777623000,30590393000,63750404000,44956442000,71342159000,94709388000,85045159000
Barbados,BRB,"Principal repayments on external debt, long-term (AMT, current US$)",DT.AMT.DLXF.CD,,,,,,,,,,,,,,,,,,,,,,,,,,,,,,,,,,,,,,,,,,,,,,,,,,,,,,,,,,
Brunei Darussalam,BRN,"Principal repayments on external debt, long-term (AMT, current US$)",DT.AMT.DLXF.CD,,,,,,,,,,,,,,,,,,,,,,,,,,,,,,,,,,,,,,,,,,,,,,,,,,,,,,,,,,
Bhutan,BTN,"Principal repayments on external debt, long-term (AMT, current US$)",DT.AMT.DLXF.CD,,,,,,,,,,,0,0,0,0,0,0,0,0,0,0,0,0,0,0,0,0,0,0,645000,4066000,2939000,5237000,4085000,4649000,5095000,7172000,4305000,4858000,7027000,4923000,4725000,4538000,4521000,4820000,6739000,4620000,5900000,23921000,43469000,41058000,46645000,45471000,68980000,39328000,42116000,91711000,41897000,173934000
Botswana,BWA,"Principal repayments on external debt, long-term (AMT, current US$)",DT.AMT.DLXF.CD,,,,,,,,,,,182000,301000,396000,251000,251000,3700000,1102000,2415000,3622000,3498000,5972000,1983000,3989000,11907000,16805000,26691000,17417000,37514000,40048000,37347000,66453000,53413000,61312000,56377000,61433000,63940000,72785000,74100000,53043000,52312000,52132000,39254000,44609000,38046000,36800000,40458000,44509000,36965000,60917000,35931000,57911000,55418000,33230000,154972000,38961000,219030000,139673000,140931000
Central African Republic,CAF,"Principal repayments on external debt, long-term (AMT, current US$)",DT.AMT.DLXF.CD,,,,,,,,,,,2435504.9,1624873.6,1114753.7,3495781.8,3477270.9,3558935.9,1887247.2,3103153.3,2553726.2,286218.2,1005970.6,2671789.3,2373710.5,10852475.3,8356855.7,4870983,6319390,9301737.6,4812394,8166555.1,7598113.8,3521163.1,5146692.7,1727921.5,7681011.5,2580475.5,1830796.4,4093231.5,12277310,7053927.7,7451472.5,9060494.8,307408.1,124123.3,5165262.6,712077.9,46988995.6,42385717.7,11322884.3,8374638.7,1045531.9,774685.1,2146108.1,3512936.5,7241541.9,858493.9,4033707.7,12059676.3
Canada,CAN,"Principal repayments on external debt, long-term (AMT, current US$)",DT.AMT.DLXF.CD,,,,,,,,,,,,,,,,,,,,,,,,,,,,,,,,,,,,,,,,,,,,,,,,,,,,,,,,,,
Central Europe and the Baltics,CEB,"Principal repayments on external debt, long-term (AMT, current US$)",DT.AMT.DLXF.CD,,,,,,,,,,,,,,,,,,,,,,,,,,,,,,,,,,,,,,,,,,,,,,,,,,,,,,,,,,
Switzerland,CHE,"Principal repayments on external debt, long-term (AMT, current US$)",DT.AMT.DLXF.CD,,,,,,,,,,,,,,,,,,,,,,,,,,,,,,,,,,,,,,,,,,,,,,,,,,,,,,,,,,
Channel Islands,CHI,"Principal repayments on external debt, long-term (AMT, current US$)",DT.AMT.DLXF.CD,,,,,,,,,,,,,,,,,,,,,,,,,,,,,,,,,,,,,,,,,,,,,,,,,,,,,,,,,,
Chile,CHL,"Principal repayments on external debt, long-term (AMT, current US$)",DT.AMT.DLXF.CD,,,,,,,,,,,,,,,,,,,,,,,,,,,,,,,,,,,,,,,,,,,,,,,,,,,,,,,,,,
China,CHN,"Principal repayments on external debt, long-term (AMT, current US$)",DT.AMT.DLXF.CD,,,,,,,,,,,0,0,0,0,0,0,0,0,0,0,0,1204460000,1302175000,1389313000,1288334000,1299956000,1876368000,1955865000,2284952000,2364562000,3318935000,4122742000,5213021000,6727040000,6343427000,9069502000,10259682000,11526473000,11209065000,19489639000,19363538000,17009145000,24714751000,30269143000,16289341000,20937757000,18121722000,20404933000,23958628000,33448481000,18764619000,24949338000,29828606000,36680831000,38158073000,83946219000,91041783000,103951785000
Cote d'Ivoire,CIV,"Principal repayments on external debt, long-term (AMT, current US$)",DT.AMT.DLXF.CD,,,,,,,,,,,30465000,31691000,41998000,46720000,81408000,83195000,126239000,181189000,252994000,401791000,722207000,705184000,644244000,514249000,315820000,250613000,397518000,628720000,401099000,334139000,498024000,513183000,502448000,535196000,710574000,538892000,812320000,623254000,670087000,823415000,442102000,301101000,435025000,323996000,207430000,163985000,160279000,298582000,782294000,697698000,623385000,567591000,514178000,767284000,638549000,457102000,1087129000,905236000
Cameroon,CMR,"Principal repayments on external debt, long-term (AMT, current US$)",DT.AMT.DLXF.CD,,,,,,,,,,,6445000,9297000,11428000,18886000,18475000,27746000,27215000,36576000,71986000,91884000,113976000,124628000,195866000,169537000,202825000,467770000,428209000,389127000,378815000,203018000,267652000,201369000,148640000,234946000,198056000,210968000,242262000,266063000,269000000,267553000,252761000,187878000,193832000,239650000,339184000,537185000,343189000,363558000,341231000,343789000,159301000,244428000,173295000,146047000,283563000,242417000,515296000,444615000
"Congo, Dem. Rep.",COD,"Principal repayments on external debt, long-term (AMT, current US$)",DT.AMT.DLXF.CD,,,,,,,,,,,25430000,29940000,44181000,63833000,126652000,89155000,37796000,45721000,50750000,82702000,191961000,84046000,59243000,84199000,102187000,104974000,104012000,81407000,79983000,97586000,48782000,41302000,29085000,4430000,430000,0,0,0,0,0,0,0,248346000,55587000,58773000,112170000,141853000,155184000,169971000,225772000,89095000,132933000,108495000,242428000,260447000,214874000,273768000,236399000
"Congo, Rep.",COG,"Principal repayments on external debt, long-term (AMT, current US$)",DT.AMT.DLXF.CD,,,,,,,,,,,5818000,5537000,4729000,7416000,12738000,19902000,11522000,21900000,12269000,41810000,33620000,107513000,125791000,216562000,243357000,252550000,223325000,312096000,299767000,207038000,349771000,220827000,116807000,102942000,301942000,85463000,154648000,67456000,10177000,912000,6489000,55645000,11452000,28117000,110745000,65351000,49669000,73604000,106845000,114032000,116347000,114388000,141252000,264600000,262087000,184982000,114615000,173264000
Colombia,COL,"Principal repayments on external debt, long-term (AMT, current US$)",DT.AMT.DLXF.CD,,,,,,,,,,,153053000,175132000,192713000,210967000,290225000,187444000,226518000,235630000,294684000,462593000,277827000,392014000,415574000,630908000,702503000,761623000,1113112000,1393802000,1786935000,2165508000,2190828000,2216842000,2617332000,2416182000,3891789000,2361063000,3378754000,2515311000,2590078000,3944500000,2915772000,3632971000,4620473000,6174011000,5254583000,7423465000,7772270000,5595754000,4914005000,5924769000,6558998000,6540591000,11362083000,6129936000,10293957000,9078615000,8366791000,10619839000
Comoros,COM,"Principal repayments on external debt, long-term (AMT, current US$)",DT.AMT.DLXF.CD,,,,,,,,,,,48000,45000,56000,86000,111000,410000,406000,250000,82000,0,2000,75000,133000,303000,993000,350000,1058000,247000,117000,169000,243000,5848000,3174000,1523000,1987000,405000,785000,1665000,1703000,2227000,1211000,1344000,3449000,1759000,1998000,2579000,2351000,12820000,8111000,7211000,3122000,2214000,5100000,331000,459000,6617000,4294000,3770000
Cabo Verde,CPV,"Principal repayments on external debt, long-term (AMT, current US$)",DT.AMT.DLXF.CD,,,,,,,,,,,0,0,0,0,0,0,0,0,0,0,0,95000,562000,974000,2250000,2122000,2690000,4280000,4205000,4134000,3732000,5174000,7521000,4547000,6133000,5615000,5126000,10377000,15743000,16437000,11319000,9997000,16194000,14175000,18020000,28846000,25213000,22777000,23932000,25072000,25603000,26435000,20383000,22099000,24268000,24116000,25954000,52301000
Costa Rica,CRI,"Principal repayments on external debt, long-term (AMT, current US$)",DT.AMT.DLXF.CD,,,,,,,,,,,42836000,45100000,52610000,59462000,77024000,105503000,124672000,157877000,312092000,274219000,172480000,186346000,131710000,151090000,147265000,159666000,217888000,91569000,131426000,148366000,277902000,184933000,306783000,349733000,280512000,363242000,366138000,364902000,339143000,365464000,391928000,417867000,395487000,529585000,689463000,565517000,492656000,555010000,1116358000,849250000,616618000,1149134000,1646747000,2489863000,2408854000,1687241000,1720684000,1584899000
Caribbean small states,CSS,"Principal repayments on external debt, long-term (AMT, current US$)",DT.AMT.DLXF.CD,,,,,,,,,,,,,,,,,,,,,,,,,,,,,,,,,,,,,,,,,,,,,,,,,,,,,,,,,,
Cuba,CUB,"Principal repayments on external debt, long-term (AMT, current US$)",DT.AMT.DLXF.CD,,,,,,,,,,,,,,,,,,,,,,,,,,,,,,,,,,,,,,,,,,,,,,,,,,,,,,,,,,
Curacao,CUW,"Principal repayments on external debt, long-term (AMT, current US$)",DT.AMT.DLXF.CD,,,,,,,,,,,,,,,,,,,,,,,,,,,,,,,,,,,,,,,,,,,,,,,,,,,,,,,,,,
Cayman Islands,CYM,"Principal repayments on external debt, long-term (AMT, current US$)",DT.AMT.DLXF.CD,,,,,,,,,,,,,,,,,,,,,,,,,,,,,,,,,,,,,,,,,,,,,,,,,,,,,,,,,,
Cyprus,CYP,"Principal repayments on external debt, long-term (AMT, current US$)",DT.AMT.DLXF.CD,,,,,,,,,,,,,,,,,,,,,,,,,,,,,,,,,,,,,,,,,,,,,,,,,,,,,,,,,,
Czech Republic,CZE,"Principal repayments on external debt, long-term (AMT, current US$)",DT.AMT.DLXF.CD,,,,,,,,,,,,,,,,,,,,,,,,,,,,,,,,,,,,,,,,,,,,,,,,,,,,,,,,,,
Germany,DEU,"Principal repayments on external debt, long-term (AMT, current US$)",DT.AMT.DLXF.CD,,,,,,,,,,,,,,,,,,,,,,,,,,,,,,,,,,,,,,,,,,,,,,,,,,,,,,,,,,
Djibouti,DJI,"Principal repayments on external debt, long-term (AMT, current US$)",DT.AMT.DLXF.CD,,,,,,,,,,,87000,119000,164000,221000,230000,429000,684000,725000,980000,1282000,2244000,2181000,2449000,3054000,2992000,1904000,4233000,9305000,9520000,9108000,8908000,8220000,7661000,6441000,8898000,9166000,8787000,5047000,3270000,6325000,8400000,6836000,7644000,10891000,13306000,11045000,16871000,14300000,17509000,22498000,22384000,26526000,30993000,31745000,27512000,28317000,31775000,43993000
Dominica,DMA,"Principal repayments on external debt, long-term (AMT, current US$)",DT.AMT.DLXF.CD,,,,,,,,,,,0,0,0,0,0,0,0,0,0,0,0,390000,531000,338000,911000,1083000,1569000,1859000,2156000,2879000,2773000,2945000,3012000,4375000,4559000,3746000,3135000,6399000,7177000,7447000,6836000,7572000,6074000,6889000,7611000,9612000,10564000,10506000,12922000,14763000,9835000,9439000,7840000,9942000,11459000,14307000,18060000,21633000
Denmark,DNK,"Principal repayments on external debt, long-term (AMT, current US$)",DT.AMT.DLXF.CD,,,,,,,,,,,,,,,,,,,,,,,,,,,,,,,,,,,,,,,,,,,,,,,,,,,,,,,,,,
Dominican Republic,DOM,"Principal repayments on external debt, long-term (AMT, current US$)",DT.AMT.DLXF.CD,,,,,,,,,,,27526000,33824000,32819000,43722000,46341000,64770000,76360000,93062000,106549000,230663000,138248000,139625000,183112000,190273000,96459000,89473000,107333000,102292000,110691000,119773000,93491000,121116000,190064000,174516000,292869000,206497000,196649000,199212000,160115000,180288000,263551000,383228000,385714000,597115000,473896000,461967000,934559000,944915000,823424000,896233000,798608000,796079000,1521090000,1646864000,1903943000,3781762000,2466716000,1665548000
Algeria,DZA,"Principal repayments on external debt, long-term (AMT, current US$)",DT.AMT.DLXF.CD,,,,,,,,,,,34570000,52626000,138409000,232873000,491792000,252271000,439837000,646056000,903583000,1563389000,2528502000,2552040000,2953989000,3312292000,3600381000,3476595000,3573815000,3819615000,4592083000,5118192000,6782960000,7223989000,7078771000,6981932000,3357552000,2248084000,1968096000,2019302000,2704062000,3026429000,2720810000,2819894000,2653845000,2779274000,4330547000,4447674000,12790319000,1137086000,1057960000,909642000,557414000,535701000,741690000,465954000,230589000,581900000,298424000,229607000
East Asia & Pacific (excluding high income),EAP,"Principal repayments on external debt, long-term (AMT, current US$)",DT.AMT.DLXF.CD,,,,,,,,,,,605277000,673744000,758828000,1160473000,1233900000,1474286000,1820779000,2614650000,4666524000,4226071000,3452494000,4955605000,5814768000,5982433000,6948736000,10568794000,10472570000,12267270000,16175979000,15330338000,17359021000,16813843000,22725262000,27235785000,28482896000,31858331000,39526921000,38246475000,37349012000,48310106000,47030925000,51707329000,64862210000,70861508000,57116332000,66885808000,62180242000,71846361000,68574818000,80325551000,68493862000,74703547000,85573905000,99275835000,124721959000,169393925000,184824184000,197959913000
Early-demographic dividend,EAR,"Principal repayments on external debt, long-term (AMT, current US$)",DT.AMT.DLXF.CD,,,,,,,,,,,,,,,,,,,,,,,,,,,,,,,,,,,,,,,,,,,,,,,,,,,,,,,,,,
East Asia & Pacific,EAS,"Principal repayments on external debt, long-term (AMT, current US$)",DT.AMT.DLXF.CD,,,,,,,,,,,,,,,,,,,,,,,,,,,,,,,,,,,,,,,,,,,,,,,,,,,,,,,,,,
Europe & Central Asia (excluding high income),ECA,"Principal repayments on external debt, long-term (AMT, current US$)",DT.AMT.DLXF.CD,,,,,,,,,,,487325000,654423000,910975000,981622000,1135466000,1333026000,1345736000,1465555000,1671145000,2724552000,3801509000,3812904000,5473137000,4163646000,4353975000,5754529000,5887999000,7580856000,10439034000,9141161000,7556000000,7429105000,7519602000,6511755000,9818980000,12093611000,14829214000,13159840000,18573336000,22327626000,25238487000,28686098000,32460860000,45649715000,50384762000,80645896000,92737577000,106332181000,173319736000,188185048000,175858918000,153538431000,148359729000,176785377000,187432198000,190569845000,181137334000,218520940000
Europe & Central Asia,ECS,"Principal repayments on external debt, long-term (AMT, current US$)",DT.AMT.DLXF.CD,,,,,,,,,,,,,,,,,,,,,,,,,,,,,,,,,,,,,,,,,,,,,,,,,,,,,,,,,,
Ecuador,ECU,"Principal repayments on external debt, long-term (AMT, current US$)",DT.AMT.DLXF.CD,,,,,,,,,,,29512000,36696000,39400000,45015000,93070000,67383000,114310000,132158000,195223000,856294000,540301000,810866000,1180091000,201804000,228814000,277475000,381151000,352375000,555041000,452044000,501486000,502109000,488910000,492518000,491612000,725621000,626572000,1066987000,771816000,1096850000,1076118000,1063481000,1463455000,1279995000,2601849000,3047898000,2877564000,2339563000,1484592000,7276586000,1259047000,1848524000,1918079000,2282617000,3052854000,3763869000,3805816000,4283954000
"Egypt, Arab Rep.",EGY,"Principal repayments on external debt, long-term (AMT, current US$)",DT.AMT.DLXF.CD,,,,,,,,,,,224705000,186578000,275299000,386623000,242943000,191885000,169131000,188003000,190907000,207160000,343011000,481470000,600460000,718169000,944596000,1394963000,1239123000,820922000,1203207000,1484445000,1703563000,1641928000,1428759000,971027000,917173000,893742000,1028349000,1070037000,962737000,1208105000,1099692000,1112252000,1278506000,1999279000,1418074000,1575591000,1628965000,1967311000,2343576000,2051178000,2162539000,2853379000,2243694000,2620273000,5105537000,2885448000,5110634000,3331389000
Euro area,EMU,"Principal repayments on external debt, long-term (AMT, current US$)",DT.AMT.DLXF.CD,,,,,,,,,,,,,,,,,,,,,,,,,,,,,,,,,,,,,,,,,,,,,,,,,,,,,,,,,,
Eritrea,ERI,"Principal repayments on external debt, long-term (AMT, current US$)",DT.AMT.DLXF.CD,,,,,,,,,,,0,0,0,0,0,0,0,0,0,0,0,0,0,0,0,0,0,0,0,0,0,0,0,0,0,0,0,0,0,0,493000,685000,2606000,5831000,10355000,11775000,6200000,1669000,6531000,11270000,13294000,14010000,86016000,81355000,41161000,29913000,24321000,34790000
Spain,ESP,"Principal repayments on external debt, long-term (AMT, current US$)",DT.AMT.DLXF.CD,,,,,,,,,,,,,,,,,,,,,,,,,,,,,,,,,,,,,,,,,,,,,,,,,,,,,,,,,,
Estonia,EST,"Principal repayments on external debt, long-term (AMT, current US$)",DT.AMT.DLXF.CD,,,,,,,,,,,,,,,,,,,,,,,,,,,,,,,,,,,,,,,,,,,,,,,,,,,,,,,,,,
Ethiopia,ETH,"Principal repayments on external debt, long-term (AMT, current US$)",DT.AMT.DLXF.CD,,,,,,,,,,,14871000,13217000,13290000,13141000,11442000,14411000,13703000,13815000,14709000,15575000,17333000,27362000,34680000,47564000,55461000,73590000,127029000,159822000,196699000,195861000,152265000,86159000,62268000,65552000,68079000,91729000,292809000,52517000,64816000,88797000,71684000,108207000,37187000,38764000,42583000,35834000,89406000,87936000,71687000,61699000,129828000,258755000,327820000,503023000,567068000,696050000,775473000,898344000
European Union,EUU,"Principal repayments on external debt, long-term (AMT, current US$)",DT.AMT.DLXF.CD,,,,,,,,,,,,,,,,,,,,,,,,,,,,,,,,,,,,,,,,,,,,,,,,,,,,,,,,,,
Fragile and conflict affected situations,FCS,"Principal repayments on external debt, long-term (AMT, current US$)",DT.AMT.DLXF.CD,,,,,,,,,,,,,,,,,,,,,,,,,,,,,,,,,,,,,,,,,,,,,,,,,,,,,,,,,,
Finland,FIN,"Principal repayments on external debt, long-term (AMT, current US$)",DT.AMT.DLXF.CD,,,,,,,,,,,,,,,,,,,,,,,,,,,,,,,,,,,,,,,,,,,,,,,,,,,,,,,,,,
Fiji,FJI,"Principal repayments on external debt, long-term (AMT, current US$)",DT.AMT.DLXF.CD,,,,,,,,,,,1623000,661000,1179000,1655000,3102000,3382000,4294000,4947000,11939000,7531000,11156000,9534000,11871000,14542000,26744000,31166000,31302000,36659000,36742000,39043000,54648000,56931000,42256000,38092000,52645000,31814000,19717000,11860000,14903000,21481000,17533000,10737000,11377000,11301000,6316000,8548000,7595000,10398000,7753000,10386000,9106000,163645000,11226000,15075000,21112000,16375000,97654000,28502000
France,FRA,"Principal repayments on external debt, long-term (AMT, current US$)",DT.AMT.DLXF.CD,,,,,,,,,,,,,,,,,,,,,,,,,,,,,,,,,,,,,,,,,,,,,,,,,,,,,,,,,,
Faroe Islands,FRO,"Principal repayments on external debt, long-term (AMT, current US$)",DT.AMT.DLXF.CD,,,,,,,,,,,,,,,,,,,,,,,,,,,,,,,,,,,,,,,,,,,,,,,,,,,,,,,,,,
"Micronesia, Fed. Sts.",FSM,"Principal repayments on external debt, long-term (AMT, current US$)",DT.AMT.DLXF.CD,,,,,,,,,,,,,,,,,,,,,,,,,,,,,,,,,,,,,,,,,,,,,,,,,,,,,,,,,,
Gabon,GAB,"Principal repayments on external debt, long-term (AMT, current US$)",DT.AMT.DLXF.CD,,,,,,,,,,,9297000,14972000,18202000,51664000,30032000,49375000,62703000,96535000,201992000,225151000,279004000,221913000,186995000,161979000,193505000,167922000,127130000,23825000,32976000,22171000,25583000,88867000,100238000,34958000,95380000,164826000,131185000,167958000,112153000,255777000,187743000,263249000,223854000,226481000,164122000,111527000,113837000,582837000,2245665000,260901000,290997000,256493000,259468000,879295000,240755000,202098000,147749000,529110000
United Kingdom,GBR,"Principal repayments on external debt, long-term (AMT, current US$)",DT.AMT.DLXF.CD,,,,,,,,,,,,,,,,,,,,,,,,,,,,,,,,,,,,,,,,,,,,,,,,,,,,,,,,,,
Georgia,GEO,"Principal repayments on external debt, long-term (AMT, current US$)",DT.AMT.DLXF.CD,,,,,,,,,,,0,0,0,0,0,0,0,0,0,0,0,0,0,0,0,0,0,0,0,0,0,0,0,4729000,1154000,0,1028000,2771000,148595000,40185000,42435000,27426000,55733000,91313000,144753000,102795000,184629000,103219000,423029000,473845000,510338000,1198918000,933159000,811113000,1112968000,1319417000,1739641000,2716855000
Ghana,GHA,"Principal repayments on external debt, long-term (AMT, current US$)",DT.AMT.DLXF.CD,,,,,,,,,,,14107000,13204000,7433000,11104000,14243000,35979000,33532000,22519000,44205000,44079000,77006000,38892000,41657000,66361000,60022000,64827000,83501000,109642000,140921000,154021000,143689000,111743000,134350000,119782000,165707000,200834000,205717000,232115000,249874000,270419000,274314000,150836000,120729000,399573000,157016000,189538000,185350000,134057000,136636000,145269000,165905000,207241000,278326000,577249000,444240000,553118000,1152251000,1681328000
Gibraltar,GIB,"Principal repayments on external debt, long-term (AMT, current US$)",DT.AMT.DLXF.CD,,,,,,,,,,,,,,,,,,,,,,,,,,,,,,,,,,,,,,,,,,,,,,,,,,,,,,,,,,
Guinea,GIN,"Principal repayments on external debt, long-term (AMT, current US$)",DT.AMT.DLXF.CD,,,,,,,,,,,10908000,10550000,12186000,15043000,13383000,22437000,25986000,50678000,48615000,66934000,74471000,61589000,53393000,42628000,80404000,42594000,40366000,101811000,87033000,68371000,96050000,83928000,48782000,40054000,48078000,119123000,60053000,91686000,95858000,70974000,91229000,60164000,57655000,61976000,110025000,96841000,100451000,98168000,100108000,97768000,65152000,153609000,107813000,69346000,62855000,58084000,52649000,40963000
"Gambia, The",GMB,"Principal repayments on external debt, long-term (AMT, current US$)",DT.AMT.DLXF.CD,,,,,,,,,,,110000,178000,251000,309000,362000,387000,318000,518000,223000,213000,366000,556000,8450000,4941000,3346000,389000,3503000,8477000,8890000,11719000,20153000,16847000,18697000,18382000,19604000,15501000,14795000,13454000,14572000,11047000,12686000,9572000,9017000,11309000,17406000,16053000,16760000,20056000,10279000,11885000,16777000,19764000,19310000,21747000,38946000,27754000,25614000,42485000
Guinea-Bissau,GNB,"Principal repayments on external debt, long-term (AMT, current US$)",DT.AMT.DLXF.CD,,,,,,,,,,,0,0,0,0,0,0,0,268000,797000,1437000,2991000,2628000,2914000,1561000,1598000,2621000,3293000,3691000,2589000,4816000,2343000,16417000,3352000,1136000,3356000,8200000,5600000,4246000,1908000,2811000,2567000,3140000,1108000,1353000,2054000,995000,3069000,3640000,4119000,4709000,5865000,4548000,6329000,1095000,1449000,1377000,3822000,6118000
Equatorial Guinea,GNQ,"Principal repayments on external debt, long-term (AMT, current US$)",DT.AMT.DLXF.CD,,,,,,,,,,,,,,,,,,,,,,,,,,,,,,,,,,,,,,,,,,,,,,,,,,,,,,,,,,
Greece,GRC,"Principal repayments on external debt, long-term (AMT, current US$)",DT.AMT.DLXF.CD,,,,,,,,,,,,,,,,,,,,,,,,,,,,,,,,,,,,,,,,,,,,,,,,,,,,,,,,,,
Grenada,GRD,"Principal repayments on external debt, long-term (AMT, current US$)",DT.AMT.DLXF.CD,,,,,,,,,,,0,179000,185000,194000,325000,384000,1087000,239000,760000,270000,863000,508000,699000,3220000,2234000,2122000,3044000,2945000,3484000,1956000,2016000,2274000,4421000,5950000,6455000,5719000,5329000,5118000,7627000,7430000,10075000,9935000,12419000,11566000,10454000,5690000,5826000,7240000,8897000,9388000,15403000,13461000,6301000,28643000,11243000,14536000,19671000,73685000
Greenland,GRL,"Principal repayments on external debt, long-term (AMT, current US$)",DT.AMT.DLXF.CD,,,,,,,,,,,,,,,,,,,,,,,,,,,,,,,,,,,,,,,,,,,,,,,,,,,,,,,,,,
Guatemala,GTM,"Principal repayments on external debt, long-term (AMT, current US$)",DT.AMT.DLXF.CD,,,,,,,,,,,23480000,23984000,40932000,21337000,34063000,25466000,32671000,37061000,52131000,68940000,82165000,68740000,63252000,93288000,168467000,159207000,169568000,174531000,222884000,166839000,116591000,186247000,336186000,180766000,204304000,218933000,231364000,224835000,197025000,202395000,191883000,216973000,217889000,240077000,546244000,570397000,708552000,875010000,916661000,1086105000,948677000,1346823000,981774000,2328424000,1239582000,1424030000,2116444000,3129279000
Guam,GUM,"Principal repayments on external debt, long-term (AMT, current US$)",DT.AMT.DLXF.CD,,,,,,,,,,,,,,,,,,,,,,,,,,,,,,,,,,,,,,,,,,,,,,,,,,,,,,,,,,
Guyana,GUY,"Principal repayments on external debt, long-term (AMT, current US$)",DT.AMT.DLXF.CD,,,,,,,,,,,2182000,1411000,2450000,5003000,5284000,6489000,13505000,17281000,32400000,66874000,43705000,44121000,23448000,22296000,14908000,16552000,13115000,11079000,11681000,28664000,68794000,45693000,42966000,47507000,38791000,50551000,48774000,50486000,51585000,33037000,22890000,20015000,25041000,27986000,27325000,15846000,15112000,15841000,16097000,8462000,15722000,20310000,119266000,20809000,23504000,43672000,47654000,67923000
High income,HIC,"Principal repayments on external debt, long-term (AMT, current US$)",DT.AMT.DLXF.CD,,,,,,,,,,,,,,,,,,,,,,,,,,,,,,,,,,,,,,,,,,,,,,,,,,,,,,,,,,
"Hong Kong SAR, China",HKG,"Principal repayments on external debt, long-term (AMT, current US$)",DT.AMT.DLXF.CD,,,,,,,,,,,,,,,,,,,,,,,,,,,,,,,,,,,,,,,,,,,,,,,,,,,,,,,,,,
Honduras,HND,"Principal repayments on external debt, long-term (AMT, current US$)",DT.AMT.DLXF.CD,,,,,,,,,,,8123000,11195000,16026000,20796000,25460000,31333000,111918000,64017000,79065000,123882000,91812000,102277000,97808000,89759000,90703000,89877000,114210000,179169000,187868000,92021000,186680000,157980000,213584000,215586000,269586000,315205000,397390000,354388000,338113000,305327000,258973000,246453000,260847000,280222000,201982000,266524000,203111000,234229000,277352000,340665000,451824000,921523000,824299000,782581000,491335000,1059240000,790570000,429689000
Heavily indebted poor countries (HIPC),HPC,"Principal repayments on external debt, long-term (AMT, current US$)",DT.AMT.DLXF.CD,,,,,,,,,,,,,,,,,,,,,,,,,,,,,,,,,,,,,,,,,,,,,,,,,,,,,,,,,,
Croatia,HRV,"Principal repayments on external debt, long-term (AMT, current US$)",DT.AMT.DLXF.CD,,,,,,,,,,,,,,,,,,,,,,,,,,,,,,,,,,,,,,,,,,,,,,,,,,,,,,,,,,
Haiti,HTI,"Principal repayments on external debt, long-term (AMT, current US$)",DT.AMT.DLXF.CD,,,,,,,,,,,3627000,4391000,3846000,5635000,6083000,6820000,9647000,17961000,17133000,11932000,18704000,18220000,11487000,10332000,13198000,13845000,10258000,17706000,18634000,19422000,10405000,10012000,2814000,2814000,2842000,38987000,14713000,18637000,17239000,20371000,19128000,12786000,8133000,23003000,58367000,33613000,33682000,23278000,34282000,26455000,122472000,2184000,499000,6144000,18096000,27024000,65490000,59486000
Hungary,HUN,"Principal repayments on external debt, long-term (AMT, current US$)",DT.AMT.DLXF.CD,,,,,,,,,,,,,,,,,,,,,,,,,,,,,,,,,,,,,,,,,,,,,,,,,,,,,,,,,,
IBRD only,IBD,"Principal repayments on external debt, long-term (AMT, current US$)",DT.AMT.DLXF.CD,,,,,,,,,,,,,,,,,,,,,,,,,,,,,,,,,,,,,,,,,,,,,,,,,,,,,,,,,,
IDA & IBRD total,IBT,"Principal repayments on external debt, long-term (AMT, current US$)",DT.AMT.DLXF.CD,,,,,,,,,,,,,,,,,,,,,,,,,,,,,,,,,,,,,,,,,,,,,,,,,,,,,,,,,,
IDA total,IDA,"Principal repayments on external debt, long-term (AMT, current US$)",DT.AMT.DLXF.CD,,,,,,,,,,,,,,,,,,,,,,,,,,,,,,,,,,,,,,,,,,,,,,,,,,,,,,,,,,
IDA blend,IDB,"Principal repayments on external debt, long-term (AMT, current US$)",DT.AMT.DLXF.CD,,,,,,,,,,,,,,,,,,,,,,,,,,,,,,,,,,,,,,,,,,,,,,,,,,,,,,,,,,
Indonesia,IDN,"Principal repayments on external debt, long-term (AMT, current US$)",DT.AMT.DLXF.CD,,,,,,,,,,,119901000,162357000,214461000,327150000,509886000,681597000,850997000,1371513000,2113008000,2015701000,1632496000,1784999000,1942083000,1798019000,2266473000,3036253000,3285245000,4059579000,5240530000,5993884000,5811538000,6541104000,7779754000,9136139000,8949551000,10197975000,14897068000,13011486000,11203544000,11711498000,9297384000,7883133000,10550304000,12930778000,14625716000,15746360000,16426363000,18810964000,17000554000,20431083000,26201660000,25164484000,29527021000,33741246000,52817651000,45162358000,57213151000,22728820000
IDA only,IDX,"Principal repayments on external debt, long-term (AMT, current US$)",DT.AMT.DLXF.CD,,,,,,,,,,,309975565.6,348065664.4,437286689.7,798766512.8,649602775.6,753132148.9,865303698.7,1083827639,1235057694.8,1604877939.8,2180520609.3,2187179377.2,1918809043.4,1617892755.2,1569510069.7,1684220918.8,2285143215.6,2640511228.7,2604235153.9,2406381707,2623153653.7,2930880543.7,2391913089,2366038918.5,2849601346.6,3634714201.7,3680270705.6,3570361261.4,3339353668.9,3482283280.8,3348367988.6,3098568922,2807979947.1,3239670726.2,2950274681.1,3139380289.9,3014114297.7,3928472022.6,5158477434.6,5898187703.3,6661887138.1,7795115086.4,7959653347.6,8556364493.7,8982399873.2,9177613228.9,11428037623.7,17431092928.7
Isle of Man,IMN,"Principal repayments on external debt, long-term (AMT, current US$)",DT.AMT.DLXF.CD,,,,,,,,,,,,,,,,,,,,,,,,,,,,,,,,,,,,,,,,,,,,,,,,,,,,,,,,,,
India,IND,"Principal repayments on external debt, long-term (AMT, current US$)",DT.AMT.DLXF.CD,,,,,,,,,,,718697000,353773000,395101000,435864000,545438000,571021000,559267000,583243000,683825000,724828000,767216000,754427000,921406000,1062990000,1091181000,1321644000,2218930000,1730392000,1810063000,1694043000,2420418000,2636591000,3028334000,3805995000,4864674000,6641376000,6451549000,6769849000,6352203000,5893746000,6424931000,7333504000,11205534000,20210250000,13062103000,19383512000,12412202000,32096775000,23684613000,10990369000,19017651000,22227261000,21201727000,28931328000,80773865000,38772512000,65971736000,31103992000
Not classified,INX,"Principal repayments on external debt, long-term (AMT, current US$)",DT.AMT.DLXF.CD,,,,,,,,,,,,,,,,,,,,,,,,,,,,,,,,,,,,,,,,,,,,,,,,,,,,,,,,,,
Ireland,IRL,"Principal repayments on external debt, long-term (AMT, current US$)",DT.AMT.DLXF.CD,,,,,,,,,,,,,,,,,,,,,,,,,,,,,,,,,,,,,,,,,,,,,,,,,,,,,,,,,,
"Iran, Islamic Rep.",IRN,"Principal repayments on external debt, long-term (AMT, current US$)",DT.AMT.DLXF.CD,,,,,,,,,,,0,0,0,0,0,0,0,0,0,0,535992000,530548000,482857000,549783000,380105000,339111000,310108000,210401000,335296000,125554000,223773000,183502000,192692000,390060000,2370665000,4119851000,5102453000,5272894000,2042100000,3260937000,2353215000,793161000,988262000,1201458000,1427397000,1756509000,1699057000,1965170000,2166740000,2027347000,1531953000,1393526000,442856000,395636000,472625000,718018000,1963952000,171915000
Iraq,IRQ,"Principal repayments on external debt, long-term (AMT, current US$)",DT.AMT.DLXF.CD,,,,,,,,,,,,,,,,,,,,,,,,,,,,,,,,,,,,,,,,,,,,,,,,,,,,,,,,,,
Iceland,ISL,"Principal repayments on external debt, long-term (AMT, current US$)",DT.AMT.DLXF.CD,,,,,,,,,,,,,,,,,,,,,,,,,,,,,,,,,,,,,,,,,,,,,,,,,,,,,,,,,,
Israel,ISR,"Principal repayments on external debt, long-term (AMT, current US$)",DT.AMT.DLXF.CD,,,,,,,,,,,,,,,,,,,,,,,,,,,,,,,,,,,,,,,,,,,,,,,,,,,,,,,,,,
Italy,ITA,"Principal repayments on external debt, long-term (AMT, current US$)",DT.AMT.DLXF.CD,,,,,,,,,,,,,,,,,,,,,,,,,,,,,,,,,,,,,,,,,,,,,,,,,,,,,,,,,,
Jamaica,JAM,"Principal repayments on external debt, long-term (AMT, current US$)",DT.AMT.DLXF.CD,,,,,,,,,,,170186000,174053000,181635000,185030000,197564000,208834000,564396000,182105000,577598000,164022000,102850000,173302000,116124000,128257000,100721000,163092000,265571000,243688000,266878000,246491000,291473000,365644000,391944000,266503000,287510000,341424000,373440000,401683000,298808000,390299000,425601000,406012000,493959000,509169000,510129000,551699000,319073000,596552000,474301000,735515000,345449000,727759000,1083498000,359044000,508991000,3242340000,1204672000,724281000
Jordan,JOR,"Principal repayments on external debt, long-term (AMT, current US$)",DT.AMT.DLXF.CD,,,,,,,,,,,2740000,4839000,7033000,8549000,10782000,14273000,19493000,35442000,45928000,73051000,103000000,182938000,131907000,175862000,207064000,269378000,319695000,412005000,594101000,263051000,241861000,342186000,378981000,304609000,286661000,328881000,570381000,481292000,413136000,261997000,308497000,314709000,313822000,910473000,459997000,366343000,371085000,434761000,2430000000,424882000,513111000,599234000,615112000,606318000,909894000,1601050000,1652385000,1134514000
Japan,JPN,"Principal repayments on external debt, long-term (AMT, current US$)",DT.AMT.DLXF.CD,,,,,,,,,,,,,,,,,,,,,,,,,,,,,,,,,,,,,,,,,,,,,,,,,,,,,,,,,,
Kazakhstan,KAZ,"Principal repayments on external debt, long-term (AMT, current US$)",DT.AMT.DLXF.CD,,,,,,,,,,,0,0,0,0,0,0,0,0,0,0,0,0,0,0,0,0,0,0,0,0,0,0,0,374000,22454000,105117000,191631000,266920000,623347000,903210000,2154847000,2627388000,3391763000,4492113000,7848306000,11417164000,12139450000,23570625000,29011422000,20032292000,34638695000,26225608000,20861806000,28341503000,27853572000,31266446000,17412878000,36574519000
Kenya,KEN,"Principal repayments on external debt, long-term (AMT, current US$)",DT.AMT.DLXF.CD,,,,,,,,,,,28786000,34729000,27572000,35566000,57009000,90120000,106546000,222504000,130606000,151150000,195361000,235431000,242247000,253011000,283241000,304106000,306108000,278166000,323187000,294995000,352011000,359149000,327057000,304879000,538074000,565951000,503464000,375148000,403558000,459306000,406595000,350045000,396209000,426566000,257169000,439479000,320078000,336255000,288724000,259080000,259672000,289518000,357050000,343249000,959130000,439786000,530415000,1433592000
Kyrgyz Republic,KGZ,"Principal repayments on external debt, long-term (AMT, current US$)",DT.AMT.DLXF.CD,,,,,,,,,,,0,0,0,0,0,0,0,0,0,0,0,0,0,0,0,0,0,0,0,0,0,0,0,0,0,36343000,32374000,9702000,41289000,50418000,85868000,111068000,77104000,102175000,99075000,73297000,38077000,126718000,260576000,200123000,461839000,314457000,266254000,305021000,310133000,320058000,342692000,1081550000
Cambodia,KHM,"Principal repayments on external debt, long-term (AMT, current US$)",DT.AMT.DLXF.CD,,,,,,,,,,,0,0,0,0,0,0,0,0,0,0,0,0,0,0,0,0,0,0,0,0,0,0,0,0,0,4785000,4920000,4188000,4192000,8098000,0,921000,1282000,3195000,5067000,7713000,15262000,12645000,19426000,26066000,33396000,276885000,491528000,549603000,584582000,670280000,618845000,515192000
Kiribati,KIR,"Principal repayments on external debt, long-term (AMT, current US$)",DT.AMT.DLXF.CD,,,,,,,,,,,,,,,,,,,,,,,,,,,,,,,,,,,,,,,,,,,,,,,,,,,,,,,,,,
St. Kitts and Nevis,KNA,"Principal repayments on external debt, long-term (AMT, current US$)",DT.AMT.DLXF.CD,,,,,,,,,,,,,,,,,,,,,,,,,,,,,,,,,,,,,,,,,,,,,,,,,,,,,,,,,,
"Korea, Rep.",KOR,"Principal repayments on external debt, long-term (AMT, current US$)",DT.AMT.DLXF.CD,,,,,,,,,,,,,,,,,,,,,,,,,,,,,,,,,,,,,,,,,,,,,,,,,,,,,,,,,,
Kuwait,KWT,"Principal repayments on external debt, long-term (AMT, current US$)",DT.AMT.DLXF.CD,,,,,,,,,,,,,,,,,,,,,,,,,,,,,,,,,,,,,,,,,,,,,,,,,,,,,,,,,,
Latin America & Caribbean (excluding high income),LAC,"Principal repayments on external debt, long-term (AMT, current US$)",DT.AMT.DLXF.CD,,,,,,,,,,,3230767000,3459302000,3986609000,5073881000,6280773000,6690734000,7991245000,10689855000,15968779000,21743247000,19594372000,20427833000,19700601000,14102956000,15509341000,12270734000,15039672000,13930693000,17387095000,19819976000,16963595000,16205034000,25109034000,31150070000,29725037000,36611147000,58230405000,73378184000,72597394000,92086018000,96868273000,92895918000,79512876000,77681688000,86946113000,76678891000,115720634000,94785256000,93863494000,93142476000,93295668000,115837038000,118332494000,135485061000,127964727000,161718674000,208696603000,178416879000
Lao PDR,LAO,"Principal repayments on external debt, long-term (AMT, current US$)",DT.AMT.DLXF.CD,,,,,,,,,,,1399000,1582000,2985000,4484000,4762000,5087000,5123000,5958000,8586000,11446000,1082000,946000,3236000,2483000,4473000,3704000,3832000,5206000,4809000,13109000,5513000,5188000,5542000,23662000,14923000,17501000,18993000,15002000,16449000,19552000,22920000,24335000,48743000,56699000,72592000,79805000,130796000,137165000,148620000,149724000,217201000,207931000,175620000,198497000,226785000,237666000,325527000,1962567000
Lebanon,LBN,"Principal repayments on external debt, long-term (AMT, current US$)",DT.AMT.DLXF.CD,,,,,,,,,,,2368000,7018000,6948000,8521000,9261000,8870000,6167000,6266000,5842000,6083000,7361000,40012000,51643000,42643000,45803000,59789000,42467000,42191000,34247000,28693000,27443000,32762000,39935000,44848000,95729000,104081000,70119000,437910000,169448000,279528000,883840000,697384000,1133035000,1870578000,2992526000,2171816000,3004405000,3078357000,2904812000,3095652000,2631672000,3742894000,2641702000,1800961000,2253661000,2205492000,2539022000,3486730000
Liberia,LBR,"Principal repayments on external debt, long-term (AMT, current US$)",DT.AMT.DLXF.CD,,,,,,,,,,,11445000,10845000,11950000,11928000,14550000,27297000,15502000,19024000,13284000,51861000,15206000,8009000,19528000,9357000,8870000,8403000,13963000,5426000,10739000,1833000,1205000,15213000,0,13270000,13601000,0,0,0,0,0,0,0,0,0,0,0,16000,260716000,37464000,4300000,3744000,2550000,3475000,4645000,5601000,5363000,7744000,18522000
Libya,LBY,"Principal repayments on external debt, long-term (AMT, current US$)",DT.AMT.DLXF.CD,,,,,,,,,,,,,,,,,,,,,,,,,,,,,,,,,,,,,,,,,,,,,,,,,,,,,,,,,,
St. Lucia,LCA,"Principal repayments on external debt, long-term (AMT, current US$)",DT.AMT.DLXF.CD,,,,,,,,,,,0,0,0,0,0,0,0,0,0,0,0,651000,667000,741000,686000,716000,951000,1034000,1288000,2410000,3203000,5922000,7170000,6077000,5806000,6186000,6535000,6879000,8193000,10285000,20879000,13891000,9434000,15636000,9826000,14204000,17828000,26368000,32442000,27847000,29933000,31262000,28176000,20457000,16827000,45613000,18281000,20398000
Latin America & Caribbean,LCN,"Principal repayments on external debt, long-term (AMT, current US$)",DT.AMT.DLXF.CD,,,,,,,,,,,,,,,,,,,,,,,,,,,,,,,,,,,,,,,,,,,,,,,,,,,,,,,,,,
Least developed countries: UN classification,LDC,"Principal repayments on external debt, long-term (AMT, current US$)",DT.AMT.DLXF.CD,,,,,,,,,,,,,,,,,,,,,,,,,,,,,,,,,,,,,,,,,,,,,,,,,,,,,,,,,,
Low income,LIC,"Principal repayments on external debt, long-term (AMT, current US$)",DT.AMT.DLXF.CD,,,,,,,,,,,160995565.6,170585664.4,197954689.7,281879512.8,329742775.6,305726148.9,225285698.7,427038639,388802694.8,513119939.8,817932609.3,718974377.2,673530043.4,877392755.2,807457069.7,997482918.8,1190426215.6,1261020228.7,1360396153.9,1269015707,1260138653.7,1228945543.7,1176852089,1128474918.5,1216374346.6,1455571201.7,1514784705.6,1290116261.4,1599298668.9,1296278280.8,1060990988.6,871559922,890195947.1,781351726.2,1080900681.1,976860289.9,1119550297.7,1281175022.6,1251339434.6,1258436703.3,1621530138.1,2487084086.4,1956386347.6,2376269493.7,2982841873.2,2665306228.9,4415465623.7,5947394928.7
Liechtenstein,LIE,"Principal repayments on external debt, long-term (AMT, current US$)",DT.AMT.DLXF.CD,,,,,,,,,,,,,,,,,,,,,,,,,,,,,,,,,,,,,,,,,,,,,,,,,,,,,,,,,,
Sri Lanka,LKA,"Principal repayments on external debt, long-term (AMT, current US$)",DT.AMT.DLXF.CD,,,,,,,,,,,29396000,29740000,35965000,39093000,52424000,117742000,104813000,104269000,66202000,50058000,51528000,45972000,75460000,74519000,91885000,112042000,149215000,207078000,209098000,195446000,167179000,167699000,222324000,236532000,248333000,246053000,242339000,283401000,312436000,436440000,453366000,438569000,438527000,391190000,446916000,246466000,530662000,565756000,816234000,977986000,727296000,817793000,1376714000,921270000,4909165000,2115435000,1699994000,3952844000
Lower middle income,LMC,"Principal repayments on external debt, long-term (AMT, current US$)",DT.AMT.DLXF.CD,,,,,,,,,,,1942429000,1640913000,1982110000,2840045000,2768135000,3257150000,3762803000,4439009000,6346356000,6797322000,6931649000,8247909000,9228773000,9924804000,10867671000,13725158000,14210800000,14226894000,16360625000,16361048000,19099878000,20432877000,23194087000,25722233000,28760729000,32861874000,38195313000,36780377000,33997023000,36457709000,36685534000,37889348000,45864540000,60059259000,55552885000,64243608000,68885988000,85977898000,86093099000,79779015000,102298198000,105280941000,106342059000,127537372000,196246235000,150299576000,187209196000,152212547000
Low & middle income,LMY,"Principal repayments on external debt, long-term (AMT, current US$)",DT.AMT.DLXF.CD,,,,,,,,,,,5958816565.6,6078587664.4,7285293689.7,9594089512.8,11139965775.6,12078564148.9,14033819698.7,18176715639,26435487694.8,34253510939.8,35231551609.3,38417348377.2,41084215043.4,35857769755.2,39081421069.7,42888902918.8,45719169215.6,47221180228.7,59262773153.9,59262660707,60955206653.7,60246058543.7,75265837089,85576366918.5,92518786346.6,107942019201.7,141694866705.6,157152194261.4,154197350668.9,190736413280.8,197397791988.6,201760861922,209716993947.1,238398466726.2,234325726681.1,271944589289.9,327306819297.7,331514749022.6,391434382434.6,400362041703.3,384170817138.1,398368491086.4,406764535347.6,479299947493.7,565686153873.2,595155174228.9,687530215623.7,688478600928.7
Lesotho,LSO,"Principal repayments on external debt, long-term (AMT, current US$)",DT.AMT.DLXF.CD,,,,,,,,,,,285000,147000,107000,174000,100000,114000,313000,209000,704000,1831000,3365000,2862000,4514000,14808000,9997000,13663000,8876000,8203000,15704000,13960000,14830000,16142000,20277000,20428000,16894000,21978000,18553000,23091000,24510000,26962000,33163000,46561000,49356000,50157000,37787000,65288000,35594000,31089000,24493000,24637000,19413000,23315000,24306000,27210000,27213000,35003000,40018000,40533000
Late-demographic dividend,LTE,"Principal repayments on external debt, long-term (AMT, current US$)",DT.AMT.DLXF.CD,,,,,,,,,,,,,,,,,,,,,,,,,,,,,,,,,,,,,,,,,,,,,,,,,,,,,,,,,,
Lithuania,LTU,"Principal repayments on external debt, long-term (AMT, current US$)",DT.AMT.DLXF.CD,,,,,,,,,,,,,,,,,,,,,,,,,,,,,,,,,,,,,,,,,,,,,,,,,,,,,,,,,,
Luxembourg,LUX,"Principal repayments on external debt, long-term (AMT, current US$)",DT.AMT.DLXF.CD,,,,,,,,,,,,,,,,,,,,,,,,,,,,,,,,,,,,,,,,,,,,,,,,,,,,,,,,,,
Latvia,LVA,"Principal repayments on external debt, long-term (AMT, current US$)",DT.AMT.DLXF.CD,,,,,,,,,,,,,,,,,,,,,,,,,,,,,,,,,,,,,,,,,,,,,,,,,,,,,,,,,,
"Macao SAR, China",MAC,"Principal repayments on external debt, long-term (AMT, current US$)",DT.AMT.DLXF.CD,,,,,,,,,,,,,,,,,,,,,,,,,,,,,,,,,,,,,,,,,,,,,,,,,,,,,,,,,,
St. Martin (French part),MAF,"Principal repayments on external debt, long-term (AMT, current US$)",DT.AMT.DLXF.CD,,,,,,,,,,,,,,,,,,,,,,,,,,,,,,,,,,,,,,,,,,,,,,,,,,,,,,,,,,
Morocco,MAR,"Principal repayments on external debt, long-term (AMT, current US$)",DT.AMT.DLXF.CD,,,,,,,,,,,40057000,65880000,77877000,97507000,107411000,109992000,118910000,149359000,335512000,448674000,590597000,646686000,860527000,731438000,244862000,521648000,636507000,604958000,511103000,597672000,681520000,1056456000,1394276000,1839350000,2093112000,2268975000,1957789000,2000525000,1769497000,1983925000,1632369000,1655418000,2593719000,2967436000,2379502000,2138742000,2784271000,3324817000,3451797000,2704282000,2423459000,2424271000,2769752000,3998268000,3714042000,2460339000,2634342000,4326030000
Monaco,MCO,"Principal repayments on external debt, long-term (AMT, current US$)",DT.AMT.DLXF.CD,,,,,,,,,,,,,,,,,,,,,,,,,,,,,,,,,,,,,,,,,,,,,,,,,,,,,,,,,,
Moldova,MDA,"Principal repayments on external debt, long-term (AMT, current US$)",DT.AMT.DLXF.CD,,,,,,,,,,,0,0,0,0,0,0,0,0,0,0,0,0,0,0,0,0,0,0,0,0,0,0,5000000,764000,5174000,41447000,41107000,61956000,83245000,87441000,57645000,66896000,167228000,87668000,206598000,162513000,234607000,218938000,390615000,302921000,305718000,367959000,466828000,542718000,455295000,311766000,265219000,845669000
Madagascar,MDG,"Principal repayments on external debt, long-term (AMT, current US$)",DT.AMT.DLXF.CD,,,,,,,,,,,45298000,50763000,57718000,67656000,64922000,39001000,6785000,111006000,10736000,17744000,41977000,36840000,39492000,25888000,33704000,54721000,89000000,85108000,86319000,68397000,69499000,49405000,40035000,33951000,31010000,23701000,43351000,100273000,58057000,63895000,73777000,33817000,29154000,34142000,45332000,38030000,36146000,8742000,13860000,27104000,37207000,25160000,43899000,48368000,54260000,94491000,84946000,103758000
Maldives,MDV,"Principal repayments on external debt, long-term (AMT, current US$)",DT.AMT.DLXF.CD,,,,,,,,,,,0,0,0,0,0,0,0,0,0,0,0,216000,788000,2631000,14082000,6628000,9131000,4833000,6898000,7374000,6024000,5445000,5241000,5699000,6359000,7094000,7828000,24175000,11625000,12327000,13916000,15781000,16577000,15869000,21662000,22084000,29669000,48798000,61996000,64673000,59840000,70262000,68555000,58125000,66629000,102008000,106469000,232978000
Middle East & North Africa,MEA,"Principal repayments on external debt, long-term (AMT, current US$)",DT.AMT.DLXF.CD,,,,,,,,,,,,,,,,,,,,,,,,,,,,,,,,,,,,,,,,,,,,,,,,,,,,,,,,,,
Mexico,MEX,"Principal repayments on external debt, long-term (AMT, current US$)",DT.AMT.DLXF.CD,,,,,,,,,,,1025032000,1057689000,1186298000,1362928000,1314323000,1515002000,1992895000,3118008000,4914719000,8068500000,4771602000,4523678000,4547528000,4846062000,5671929000,5087331000,4435809000,3409613000,6214054000,5449397000,2837917000,4270469000,12363007000,14893529000,9909781000,14183812000,26831818000,27403653000,17140004000,18391328000,39455466000,34845648000,27299230000,22744544000,29318117000,25101461000,42437235000,24287990000,24601844000,22318126000,21682660000,28708204000,35412896000,20201107000,29392978000,31908825000,59129581000,21502957000
Marshall Islands,MHL,"Principal repayments on external debt, long-term (AMT, current US$)",DT.AMT.DLXF.CD,,,,,,,,,,,,,,,,,,,,,,,,,,,,,,,,,,,,,,,,,,,,,,,,,,,,,,,,,,
Middle income,MIC,"Principal repayments on external debt, long-term (AMT, current US$)",DT.AMT.DLXF.CD,,,,,,,,,,,5797821000,5908002000,7087339000,9312210000,10810223000,11772838000,13808534000,17749677000,26046685000,33740391000,34413619000,37698374000,40410685000,34980377000,38273964000,41891420000,44528743000,45960160000,57902377000,57993645000,59695068000,59017113000,74088985000,84447892000,91302412000,106486448000,140180082000,155862078000,152598052000,189440135000,196336801000,200889302000,208826798000,237617115000,233244826000,270967729000,326187269000,330233574000,390183043000,399103605000,382549287000,395881407000,404808149000,476923678000,562703312000,592489868000,683114750000,682531206000
"Macedonia, FYR",MKD,"Principal repayments on external debt, long-term (AMT, current US$)",DT.AMT.DLXF.CD,,,,,,,,,,,0,0,0,0,0,0,0,0,0,0,0,0,0,0,0,0,0,0,0,0,0,0,0,5169000,119251000,19031000,25906000,49317000,91062000,88244000,73880000,128488000,177718000,170202000,172782000,171034000,429526000,485465000,293092000,374703000,442789000,739434000,478569000,734053000,657500000,699207000,702295000,912946000
Mali,MLI,"Principal repayments on external debt, long-term (AMT, current US$)",DT.AMT.DLXF.CD,,,,,,,,,,,300000,348000,445000,4442000,1754000,2413000,3211000,4719000,4055000,4992000,6073000,6062000,5880000,7266000,9793000,21609000,17087000,17729000,29328000,24279000,25414000,17647000,31703000,26168000,53021000,55176000,46886000,42138000,44041000,63739000,49988000,46893000,39543000,38163000,53206000,52061000,58299000,43458000,44280000,45879000,39221000,40649000,34435000,69043000,64672000,64913000,71677000,144699000
Malta,MLT,"Principal repayments on external debt, long-term (AMT, current US$)",DT.AMT.DLXF.CD,,,,,,,,,,,,,,,,,,,,,,,,,,,,,,,,,,,,,,,,,,,,,,,,,,,,,,,,,,
Myanmar,MMR,"Principal repayments on external debt, long-term (AMT, current US$)",DT.AMT.DLXF.CD,,,,,,,,,,,13281000,16086000,18085000,34576000,22679000,24556000,26969000,23504000,28488000,61192000,66291000,84781000,68606000,86488000,93402000,116205000,141399000,99146000,65527000,116857000,44164000,32755000,26377000,25410000,43902000,182182000,141498000,102449000,78997000,63827000,6223000,3441000,4535000,3721000,2901000,2915000,2879000,4984000,4276000,4235000,1642000,798000,763995000,54096000,48906000,64420000,84717000,55422000
Middle East & North Africa (excluding high income),MNA,"Principal repayments on external debt, long-term (AMT, current US$)",DT.AMT.DLXF.CD,,,,,,,,,,,351510000,368097000,578240000,799989000,928633000,649704000,831496000,1152434000,1643347000,2516002000,4395860000,4862371000,5472874000,5985880000,5926241000,6607439000,6753047000,6800015000,8114927000,8453469000,10622102000,11400489000,11461711000,11460700000,10115674000,11040441000,11692121000,12527010000,9101754000,11186926000,10623585000,8650611000,9997238000,12850878000,14525370000,13748484000,24048734000,13622442000,16236197000,13224135000,12121808000,14165092000,11566132000,11912439000,14303174000,12234149000,15489417000,15861125000
Montenegro,MNE,"Principal repayments on external debt, long-term (AMT, current US$)",DT.AMT.DLXF.CD,,,,,,,,,,,0,0,0,0,0,0,0,0,0,0,0,0,0,0,0,0,0,0,0,0,0,0,0,0,0,0,0,0,0,0,0,0,0,0,0,0,12740000,109462000,27884000,24963000,61283000,126713000,174063000,269057000,187125000,410439000,404445000,227706000
Mongolia,MNG,"Principal repayments on external debt, long-term (AMT, current US$)",DT.AMT.DLXF.CD,,,,,,,,,,,0,0,0,0,0,0,0,0,0,0,0,0,0,0,0,0,0,0,0,0,0,0,56144000,14887000,33723000,32433000,34036000,49600000,21169000,6726000,21821000,28055000,32227000,265384000,12947000,16719000,25159000,30118000,41026000,70007000,139177000,78173000,898217000,885060000,869290000,1322749000,1088418000,4903220000
Northern Mariana Islands,MNP,"Principal repayments on external debt, long-term (AMT, current US$)",DT.AMT.DLXF.CD,,,,,,,,,,,,,,,,,,,,,,,,,,,,,,,,,,,,,,,,,,,,,,,,,,,,,,,,,,
Mozambique,MOZ,"Principal repayments on external debt, long-term (AMT, current US$)",DT.AMT.DLXF.CD,,,,,,,,,,,0,0,0,0,0,0,0,0,0,0,0,0,0,0,11831000,30269000,57054000,20709000,24223000,24456000,29107000,37899000,29617000,34511000,53575000,67261000,54609000,45167000,36295000,32483000,33917000,39803000,20631000,26728000,14795000,18336000,16056000,9520000,14047000,14504000,38430000,36948000,48991000,98186000,100532000,176534000,274631000,452221000
Mauritania,MRT,"Principal repayments on external debt, long-term (AMT, current US$)",DT.AMT.DLXF.CD,,,,,,,,,,,3157000,2891000,9070000,10692000,9786000,34176000,69589000,32013000,16554000,50530000,17041000,35669000,15823000,14190000,18430000,48438000,43140000,66695000,78950000,54713000,82560000,48099000,52773000,75522000,57246000,69558000,72068000,62266000,61596000,60199000,45602000,40379000,30298000,30704000,25990000,32521000,43510000,93019000,37683000,53300000,76270000,78812000,88608000,105543000,153803000,114847000,154093000,268547000
Mauritius,MUS,"Principal repayments on external debt, long-term (AMT, current US$)",DT.AMT.DLXF.CD,,,,,,,,,,,1407000,2733000,2020000,1526000,1988000,8592000,5656000,8176000,7936000,11443000,18529000,21748000,33100000,60725000,51732000,42603000,38649000,48861000,104664000,53141000,59871000,95262000,127273000,82489000,102813000,153736000,107888000,135889000,152304000,106283000,400887000,132226000,191158000,152545000,170372000,197092000,226217000,126377000,145414000,121689000,118389000,3335539000,3025387000,3270860000,3164228000,3108070000,1717258000,1397248000
Malawi,MWI,"Principal repayments on external debt, long-term (AMT, current US$)",DT.AMT.DLXF.CD,,,,,,,,,,,2905000,3607000,4355000,4947000,6762000,8586000,9007000,15214000,20687000,20370000,33189000,39194000,30488000,23655000,38644000,46294000,66019000,37519000,34433000,29315000,66632000,62429000,52405000,43496000,47074000,65466000,40698000,37867000,36312000,30940000,32734000,26318000,11957000,15588000,25787000,37757000,31637000,19765000,16704000,22414000,12843000,13944000,14659000,21917000,23897000,26558000,30522000,40721000
Malaysia,MYS,"Principal repayments on external debt, long-term (AMT, current US$)",DT.AMT.DLXF.CD,,,,,,,,,,,56833000,34802000,47580000,88788000,112998000,137001000,248315000,450727000,864177000,475255000,344845000,433860000,594310000,690693000,1133417000,3635576000,1900776000,2792614000,4422732000,3016144000,3167718000,1839955000,3102265000,3425384000,4689700000,4449748000,6343413000,4276370000,3805719000,2970899000,4145888000,4090660000,5973286000,7408851000,7101790000,7192171000,4931535000,5778512000,3257783000,7750229000,3563644000,4550890000,4171215000,8820653000,9851713000,10531504000,6422032000,31164741000
North America,NAC,"Principal repayments on external debt, long-term (AMT, current US$)",DT.AMT.DLXF.CD,,,,,,,,,,,,,,,,,,,,,,,,,,,,,,,,,,,,,,,,,,,,,,,,,,,,,,,,,,
Namibia,NAM,"Principal repayments on external debt, long-term (AMT, current US$)",DT.AMT.DLXF.CD,,,,,,,,,,,,,,,,,,,,,,,,,,,,,,,,,,,,,,,,,,,,,,,,,,,,,,,,,,
New Caledonia,NCL,"Principal repayments on external debt, long-term (AMT, current US$)",DT.AMT.DLXF.CD,,,,,,,,,,,,,,,,,,,,,,,,,,,,,,,,,,,,,,,,,,,,,,,,,,,,,,,,,,
Niger,NER,"Principal repayments on external debt, long-term (AMT, current US$)",DT.AMT.DLXF.CD,,,,,,,,,,,1553000,1625000,1679000,1949000,2523000,5782000,6731000,6078000,19313000,32665000,57451000,83695000,157743000,82650000,47672000,53757000,64083000,57024000,56238000,55711000,47201000,62625000,26789000,56006000,38109000,30914000,32723000,33822000,36311000,14067000,14041000,19729000,14967000,20980000,22826000,21538000,45689000,16768000,16060000,28530000,13761000,17918000,19415000,27251000,32492000,59528000,61893000,82527000
Nigeria,NGA,"Principal repayments on external debt, long-term (AMT, current US$)",DT.AMT.DLXF.CD,,,,,,,,,,,67791000,64380000,63796000,190464000,150311000,224417000,355984000,86064000,82668000,134643000,242119000,635545000,841510000,1155505000,2129294000,2707018000,1243648000,459001000,692024000,607036000,1180106000,862387000,543773000,579000000,746444000,918094000,1137660000,839660000,773318000,604949000,1091544000,1715297000,1149143000,1218603000,1164291000,3863415000,6441822000,915516000,596701000,666463000,1189378000,426144000,1192484000,225515000,4278138000,1110793000,1836952000,2762433000
Nicaragua,NIC,"Principal repayments on external debt, long-term (AMT, current US$)",DT.AMT.DLXF.CD,,,,,,,,,,,18261000,25312000,23237000,53031000,22767000,22538000,37737000,50854000,50317000,22250000,49361000,74551000,59419000,49846000,33096000,26479000,19503000,47497000,18681000,12691000,6899000,340867000,46936000,66307000,101847000,191226000,125489000,183520000,86493000,97621000,184399000,260117000,103666000,132190000,75347000,110484000,108393000,313157000,309210000,334957000,459956000,591522000,499167000,451899000,516209000,572355000,576056000,426769000
Netherlands,NLD,"Principal repayments on external debt, long-term (AMT, current US$)",DT.AMT.DLXF.CD,,,,,,,,,,,,,,,,,,,,,,,,,,,,,,,,,,,,,,,,,,,,,,,,,,,,,,,,,,
Norway,NOR,"Principal repayments on external debt, long-term (AMT, current US$)",DT.AMT.DLXF.CD,,,,,,,,,,,,,,,,,,,,,,,,,,,,,,,,,,,,,,,,,,,,,,,,,,,,,,,,,,
Nepal,NPL,"Principal repayments on external debt, long-term (AMT, current US$)",DT.AMT.DLXF.CD,,,,,,,,,,,2513000,258000,309000,413000,632000,1367000,1242000,2108000,1639000,1793000,2097000,2240000,2578000,3518000,4129000,5856000,11977000,14930000,21919000,24640000,27646000,28830000,34666000,36350000,42002000,44869000,39287000,57098000,54387000,69373000,67233000,62322000,69995000,79396000,84635000,86053000,104485000,112160000,126606000,139666000,148383000,153906000,175102000,164888000,171389000,165221000,168784000,191083000
Nauru,NRU,"Principal repayments on external debt, long-term (AMT, current US$)",DT.AMT.DLXF.CD,,,,,,,,,,,,,,,,,,,,,,,,,,,,,,,,,,,,,,,,,,,,,,,,,,,,,,,,,,
New Zealand,NZL,"Principal repayments on external debt, long-term (AMT, current US$)",DT.AMT.DLXF.CD,,,,,,,,,,,,,,,,,,,,,,,,,,,,,,,,,,,,,,,,,,,,,,,,,,,,,,,,,,
OECD members,OED,"Principal repayments on external debt, long-term (AMT, current US$)",DT.AMT.DLXF.CD,,,,,,,,,,,,,,,,,,,,,,,,,,,,,,,,,,,,,,,,,,,,,,,,,,,,,,,,,,
Oman,OMN,"Principal repayments on external debt, long-term (AMT, current US$)",DT.AMT.DLXF.CD,,,,,,,,,,,,,,,,,,,,,,,,,,,,,,,,,,,,,,,,,,,,,,,,,,,,,,,,,,
Other small states,OSS,"Principal repayments on external debt, long-term (AMT, current US$)",DT.AMT.DLXF.CD,,,,,,,,,,,,,,,,,,,,,,,,,,,,,,,,,,,,,,,,,,,,,,,,,,,,,,,,,,
Pakistan,PAK,"Principal repayments on external debt, long-term (AMT, current US$)",DT.AMT.DLXF.CD,,,,,,,,,,,146837000,112543000,108484000,108336000,121113000,158281000,159691000,193785000,210465000,306099000,352359000,370410000,342586000,798295000,620092000,728330000,689240000,753705000,859188000,865208000,897987000,997206000,1266113000,1393496000,2379347000,1833052000,1779417000,2549624000,1287187000,1653236000,1588127000,1957868000,1782516000,1634828000,2956479000,1466066000,1333070000,1375239000,1765782000,2240604000,3015921000,1664750000,1687074000,2424412000,1936942000,2240006000,2880313000,5848074000
Panama,PAN,"Principal repayments on external debt, long-term (AMT, current US$)",DT.AMT.DLXF.CD,,,,,,,,,,,23613000,28068000,34716000,63415000,91438000,31186000,44666000,88223000,442887000,190144000,214645000,213299000,280939000,188644000,232721000,103970000,123877000,132702000,15115000,7538000,50578000,73183000,401881000,135513000,163956000,133558000,411447000,1207984000,345772000,287839000,411465000,627207000,1145791000,397012000,788420000,1403064000,2217135000,170529000,1136031000,436161000,565082000,763399000,1203893000,1038889000,723028000,978766000,4420213000,685825000
Peru,PER,"Principal repayments on external debt, long-term (AMT, current US$)",DT.AMT.DLXF.CD,,,,,,,,,,,336973000,358331000,376713000,546740000,560957000,531987000,531503000,723012000,723370000,739071000,1029510000,1444640000,982129000,466429000,502789000,533744000,325145000,201506000,135119000,145944000,165957000,620693000,503658000,990261000,611400000,529305000,1237246000,1991137000,653755000,937328000,1003320000,692266000,2002068000,1082985000,1276370000,4192675000,1530261000,6748438000,3264567000,2221199000,4059602000,2128055000,2757773000,5129503000,3282632000,2731327000,4448853000,8674525000
Philippines,PHL,"Principal repayments on external debt, long-term (AMT, current US$)",DT.AMT.DLXF.CD,,,,,,,,,,,261108000,257547000,255679000,399824000,329115000,298767000,343358000,370034000,949663000,962309000,540952000,725056000,973530000,827325000,527343000,587636000,1036484000,1235329000,1211527000,887150000,1472965000,1478660000,2636490000,2701816000,2249949000,2736528000,2890299000,2124626000,2364501000,3405097000,4047329000,5945554000,6652742000,6732981000,7239978000,5747773000,8964692000,4738904000,6994912000,5674690000,8340601000,6311312000,2728278000,2918280000,3045687000,4659805000,7160741000,7757520000
Palau,PLW,"Principal repayments on external debt, long-term (AMT, current US$)",DT.AMT.DLXF.CD,,,,,,,,,,,,,,,,,,,,,,,,,,,,,,,,,,,,,,,,,,,,,,,,,,,,,,,,,,
Papua New Guinea,PNG,"Principal repayments on external debt, long-term (AMT, current US$)",DT.AMT.DLXF.CD,,,,,,,,,,,20416000,43247000,79612000,91363000,81877000,69639000,67549000,70020000,83077000,50324000,71578000,81520000,115486000,155505000,219022000,190606000,168954000,187717000,315629000,342789000,388318000,358760000,480735000,668846000,709871000,493077000,389021000,424960000,209356000,125244000,195587000,189455000,207468000,133000000,140862000,182783000,269967000,946694000,932029000,513291000,758006000,1076405000,348774000,1027891000,821961000,518547000,2660309000,4666495000
Poland,POL,"Principal repayments on external debt, long-term (AMT, current US$)",DT.AMT.DLXF.CD,,,,,,,,,,,,,,,,,,,,,,,,,,,,,,,,,,,,,,,,,,,,,,,,,,,,,,,,,,
Pre-demographic dividend,PRE,"Principal repayments on external debt, long-term (AMT, current US$)",DT.AMT.DLXF.CD,,,,,,,,,,,,,,,,,,,,,,,,,,,,,,,,,,,,,,,,,,,,,,,,,,,,,,,,,,
Puerto Rico,PRI,"Principal repayments on external debt, long-term (AMT, current US$)",DT.AMT.DLXF.CD,,,,,,,,,,,,,,,,,,,,,,,,,,,,,,,,,,,,,,,,,,,,,,,,,,,,,,,,,,
"Korea, Dem. Peoples Rep.",PRK,"Principal repayments on external debt, long-term (AMT, current US$)",DT.AMT.DLXF.CD,,,,,,,,,,,,,,,,,,,,,,,,,,,,,,,,,,,,,,,,,,,,,,,,,,,,,,,,,,
Portugal,PRT,"Principal repayments on external debt, long-term (AMT, current US$)",DT.AMT.DLXF.CD,,,,,,,,,,,,,,,,,,,,,,,,,,,,,,,,,,,,,,,,,,,,,,,,,,,,,,,,,,
Paraguay,PRY,"Principal repayments on external debt, long-term (AMT, current US$)",DT.AMT.DLXF.CD,,,,,,,,,,,8525000,9847000,11616000,12399000,18641000,24435000,24361000,33088000,38007000,60355000,85036000,99656000,66858000,59637000,81631000,84006000,137640000,134775000,190189000,81950000,130449000,157814000,385500000,202306000,164713000,164247000,131934000,181897000,144844000,133207000,206710000,215392000,232993000,248612000,319355000,348157000,287575000,258372000,297406000,309540000,314276000,711905000,1739876000,1352718000,2779206000,1592282000,914427000,2032107000
West Bank and Gaza,PSE,"Principal repayments on external debt, long-term (AMT, current US$)",DT.AMT.DLXF.CD,,,,,,,,,,,,,,,,,,,,,,,,,,,,,,,,,,,,,,,,,,,,,,,,,,,,,,,,,,
Pacific island small states,PSS,"Principal repayments on external debt, long-term (AMT, current US$)",DT.AMT.DLXF.CD,,,,,,,,,,,,,,,,,,,,,,,,,,,,,,,,,,,,,,,,,,,,,,,,,,,,,,,,,,
Post-demographic dividend,PST,"Principal repayments on external debt, long-term (AMT, current US$)",DT.AMT.DLXF.CD,,,,,,,,,,,,,,,,,,,,,,,,,,,,,,,,,,,,,,,,,,,,,,,,,,,,,,,,,,
French Polynesia,PYF,"Principal repayments on external debt, long-term (AMT, current US$)",DT.AMT.DLXF.CD,,,,,,,,,,,,,,,,,,,,,,,,,,,,,,,,,,,,,,,,,,,,,,,,,,,,,,,,,,
Qatar,QAT,"Principal repayments on external debt, long-term (AMT, current US$)",DT.AMT.DLXF.CD,,,,,,,,,,,,,,,,,,,,,,,,,,,,,,,,,,,,,,,,,,,,,,,,,,,,,,,,,,
Romania,ROU,"Principal repayments on external debt, long-term (AMT, current US$)",DT.AMT.DLXF.CD,,,,,,,,,,,0,0,0,0,0,0,0,0,560000,6715000,824165000,1122032000,2097070000,1150418000,1348360000,1215575000,1084449000,1589055000,3439994000,1646082000,4000000,13438000,84424000,155201000,264567000,302496000,3706276000,2623009000,1756119000,3011536000,1705599000,1778213000,2454656000,2596751000,3411297000,5170197000,6298233000,8239369000,14474915000,13169291000,15783554000,15728541000,15998063000,19678682000,16143353000,19789492000,16630356000,15089280000
Russian Federation,RUS,"Principal repayments on external debt, long-term (AMT, current US$)",DT.AMT.DLXF.CD,,,,,,,,,,,0,0,0,0,0,0,0,0,0,0,0,0,0,0,0,0,0,0,0,0,0,0,993627000,1437635000,2180871000,3273015000,2638177000,1408857000,4239770000,2677933000,3333262000,5587482000,5558423000,13031342000,11093642000,29121271000,37425358000,24767431000,64011908000,74280731000,42977168000,33072457000,30863537000,34182427000,68661240000,81730575000,51555331000,69823386000
Rwanda,RWA,"Principal repayments on external debt, long-term (AMT, current US$)",DT.AMT.DLXF.CD,,,,,,,,,,,272000,347000,430000,126000,425000,280000,655000,743000,1031000,994000,2579000,2382000,2462000,5021000,6387000,9345000,10137000,11456000,8749000,13910000,8906000,11375000,9674000,11090000,1489000,11366000,8940000,10150000,8989000,11958000,13113000,10883000,9086000,12107000,13726000,13156000,17779000,16159000,8615000,5311000,8301000,11663000,12899000,13527000,15161000,78982000,83359000,31489000
South Asia,SAS,"Principal repayments on external debt, long-term (AMT, current US$)",DT.AMT.DLXF.CD,,,,,,,,,,,897443000,496314000,539859000,589955000,735744000,905667000,866924000,933660000,1025508000,1137802000,1206937000,1229639000,1412179000,2013151000,1914969000,2282329000,3221234000,2880815000,3122427000,2989328000,3855903000,4113951000,4849500000,5749060000,7849943000,9290450000,8892029000,10071562000,8378915000,8479008000,9040958000,10237346000,13965017000,22748507000,17030382000,21783642000,14902069000,34967930000,27169111000,15227687000,23854175000,26167726000,25735421000,34004721000,89480837000,44791591000,72232242000,43596897000
Saudi Arabia,SAU,"Principal repayments on external debt, long-term (AMT, current US$)",DT.AMT.DLXF.CD,,,,,,,,,,,,,,,,,,,,,,,,,,,,,,,,,,,,,,,,,,,,,,,,,,,,,,,,,,
Sudan,SDN,"Principal repayments on external debt, long-term (AMT, current US$)",DT.AMT.DLXF.CD,,,,,,,,,,,21132000,26664000,36802000,39679000,39301000,77490000,71974000,41806000,53719000,32304000,53445000,51374000,98864000,40009000,40502000,16086000,151236000,41609000,58037000,45395000,14638000,12159000,14085000,9335000,2619000,14541000,0,158000,1262000,5705000,143005000,138131000,80056000,188308000,204373000,291063000,209213000,216259000,218850000,362366000,397453000,415626000,273639000,211275000,178578000,411860000,226182000,526332000
Senegal,SEN,"Principal repayments on external debt, long-term (AMT, current US$)",DT.AMT.DLXF.CD,,,,,,,,,,,9417000,12593000,11120000,32153000,24388000,22786000,25922000,36409000,74385000,85619000,156306000,79103000,30521000,29460000,44232000,52152000,97811000,158790000,164588000,131479000,140986000,141892000,97237000,57891000,124989000,155585000,117811000,97478000,155854000,129979000,127271000,124319000,124639000,133775000,232286000,111620000,111017000,126261000,126086000,145935000,228720000,235548000,211120000,267582000,213698000,193367000,207006000,229391000
Singapore,SGP,"Principal repayments on external debt, long-term (AMT, current US$)",DT.AMT.DLXF.CD,,,,,,,,,,,,,,,,,,,,,,,,,,,,,,,,,,,,,,,,,,,,,,,,,,,,,,,,,,
Solomon Islands,SLB,"Principal repayments on external debt, long-term (AMT, current US$)",DT.AMT.DLXF.CD,,,,,,,,,,,0,0,0,0,0,0,0,0,12000,14000,16000,12000,12000,61000,656000,890000,961000,1116000,3010000,5664000,7002000,8572000,5180000,7147000,12540000,6548000,6327000,4382000,7829000,7338000,6249000,4504000,3340000,5509000,12254000,10005000,2818000,10690000,10786000,7592000,17467000,12600000,21766000,38885000,13461000,8536000,13242000,15882000
Sierra Leone,SLE,"Principal repayments on external debt, long-term (AMT, current US$)",DT.AMT.DLXF.CD,,,,,,,,,,,10585000,6286000,8057000,9184000,10514000,11180000,16826000,12303000,29885000,34879000,42932000,41865000,18736000,15601000,17378000,9428000,7814000,6841000,9617000,3946000,7392000,2483000,11211000,4889000,14093000,56655000,46954000,7231000,13543000,6564000,9649000,9194000,8009000,8431000,8867000,4803000,7780000,5036000,2422000,3336000,4837000,7038000,7867000,9808000,14201000,14574000,21626000,29201000
El Salvador,SLV,"Principal repayments on external debt, long-term (AMT, current US$)",DT.AMT.DLXF.CD,,,,,,,,,,,22932000,30379000,28056000,44520000,47988000,81423000,63131000,97490000,64126000,66436000,38414000,41146000,57908000,111721000,136335000,143125000,141836000,131221000,119221000,99421000,125112000,170104000,155432000,178911000,252075000,166745000,182719000,133200000,299055000,168617000,162813000,179403000,204848000,391766000,468554000,405945000,672387000,551393000,489986000,686579000,604165000,756999000,628360000,559486000,679463000,559824000,662931000,1538234000
San Marino,SMR,"Principal repayments on external debt, long-term (AMT, current US$)",DT.AMT.DLXF.CD,,,,,,,,,,,,,,,,,,,,,,,,,,,,,,,,,,,,,,,,,,,,,,,,,,,,,,,,,,
Somalia,SOM,"Principal repayments on external debt, long-term (AMT, current US$)",DT.AMT.DLXF.CD,,,,,,,,,,,498000,592000,1199000,1786000,1964000,2197000,1674000,2158000,3089000,3166000,7115000,43191000,5026000,7558000,5438000,2301000,3223000,3842000,1121000,6955000,2604000,0,0,0,0,0,0,0,0,0,0,0,0,0,0,0,0,0,0,0,0,0,0,0,0,0,0,33226000
Serbia,SRB,"Principal repayments on external debt, long-term (AMT, current US$)",DT.AMT.DLXF.CD,,,,,,,,,,,380961000,542781000,752977000,853009000,979388000,1160266000,1144162000,1231005000,1309124000,2238168000,2382654000,1861094000,2097439000,1656599000,1572626000,1199932000,1540171000,1366755000,1243408000,1819909000,2726640000,2390778000,964822000,12406000,0,0,0,0,0,0,0,30040000,79303000,168342000,352641000,569803000,1319295000,2333544000,3485790000,3612546000,3431341000,4256984000,4755683000,6295788000,6321102000,2987125000,5023474000,3626255000
Sub-Saharan Africa (excluding high income),SSA,"Principal repayments on external debt, long-term (AMT, current US$)",DT.AMT.DLXF.CD,,,,,,,,,,,386494565.6,426707664.4,510782689.7,988169512.8,825449775.6,1025147148.9,1177639698.7,1320561639,1460184694.8,1905836939.8,2780379609.3,3128996377.2,3210656043.4,3609703755.2,4428159069.7,5405077918.8,4344647215.6,3761531228.7,4023311153.9,3528388707,4598585653.7,4283636543.7,3600728089,3468996918.5,6526256346.6,7048039201.7,8524176705.6,9769123261.4,8196939668.9,8346729280.8,8595563988.6,9583559922,8918792947.1,8606170726.2,8322767681.1,12201868289.9,17717563297.7,9960579022.6,12271026434.6,10257144703.3,10546386138.1,13956657086.4,17196854347.6,21836514493.7,21783258873.2,16446990228.9,25150435623.7,34122846928.7
South Sudan,SSD,"Principal repayments on external debt, long-term (AMT, current US$)",DT.AMT.DLXF.CD,,,,,,,,,,,,,,,,,,,,,,,,,,,,,,,,,,,,,,,,,,,,,,,,,,,,,,,,,,
Sub-Saharan Africa,SSF,"Principal repayments on external debt, long-term (AMT, current US$)",DT.AMT.DLXF.CD,,,,,,,,,,,,,,,,,,,,,,,,,,,,,,,,,,,,,,,,,,,,,,,,,,,,,,,,,,
Small states,SST,"Principal repayments on external debt, long-term (AMT, current US$)",DT.AMT.DLXF.CD,,,,,,,,,,,,,,,,,,,,,,,,,,,,,,,,,,,,,,,,,,,,,,,,,,,,,,,,,,
Sao Tome and Principe,STP,"Principal repayments on external debt, long-term (AMT, current US$)",DT.AMT.DLXF.CD,,,,,,,,,,,0,0,0,0,0,0,0,0,0,0,904000,1112000,1621000,2016000,2299000,1506000,836000,2476000,1291000,2515000,1126000,821000,1312000,890000,1246000,837000,1322000,1640000,1964000,2606000,2186000,1602000,1690000,2376000,3881000,4421000,4560000,4239000,1719000,1741000,1181000,1096000,10758000,4766000,11137000,680000,1118000,2776000
Suriname,SUR,"Principal repayments on external debt, long-term (AMT, current US$)",DT.AMT.DLXF.CD,,,,,,,,,,,,,,,,,,,,,,,,,,,,,,,,,,,,,,,,,,,,,,,,,,,,,,,,,,
Slovak Republic,SVK,"Principal repayments on external debt, long-term (AMT, current US$)",DT.AMT.DLXF.CD,,,,,,,,,,,,,,,,,,,,,,,,,,,,,,,,,,,,,,,,,,,,,,,,,,,,,,,,,,
Slovenia,SVN,"Principal repayments on external debt, long-term (AMT, current US$)",DT.AMT.DLXF.CD,,,,,,,,,,,,,,,,,,,,,,,,,,,,,,,,,,,,,,,,,,,,,,,,,,,,,,,,,,
Sweden,SWE,"Principal repayments on external debt, long-term (AMT, current US$)",DT.AMT.DLXF.CD,,,,,,,,,,,,,,,,,,,,,,,,,,,,,,,,,,,,,,,,,,,,,,,,,,,,,,,,,,
Swaziland,SWZ,"Principal repayments on external debt, long-term (AMT, current US$)",DT.AMT.DLXF.CD,,,,,,,,,,,1501000,2586000,7251000,8071000,3359000,2455000,1067000,916000,1695000,3681000,7514000,9824000,11880000,12875000,10047000,15694000,17466000,29693000,20051000,18732000,34230000,18304000,14541000,15026000,17752000,13505000,18657000,14338000,12021000,15181000,12389000,12644000,10746000,13230000,27256000,18769000,19520000,23807000,35115000,29507000,29268000,28007000,35458000,20626000,27518000,18734000,27189000,32102000
Sint Maarten (Dutch part),SXM,"Principal repayments on external debt, long-term (AMT, current US$)",DT.AMT.DLXF.CD,,,,,,,,,,,,,,,,,,,,,,,,,,,,,,,,,,,,,,,,,,,,,,,,,,,,,,,,,,
Seychelles,SYC,"Principal repayments on external debt, long-term (AMT, current US$)",DT.AMT.DLXF.CD,,,,,,,,,,,,,,,,,,,,,,,,,,,,,,,,,,,,,,,,,,,,,,,,,,,,,,,,,,
Syrian Arab Republic,SYR,"Principal repayments on external debt, long-term (AMT, current US$)",DT.AMT.DLXF.CD,,,,,,,,,,,0,0,0,0,0,0,0,0,0,0,0,0,0,0,0,0,0,0,0,0,0,0,0,0,0,78676000,67582000,355082000,100226000,184688000,239452000,262943000,0,0,0,0,0,0,560094000,498847000,507792000,509250000,0,0,0,0,0,324580000
Turks and Caicos Islands,TCA,"Principal repayments on external debt, long-term (AMT, current US$)",DT.AMT.DLXF.CD,,,,,,,,,,,,,,,,,,,,,,,,,,,,,,,,,,,,,,,,,,,,,,,,,,,,,,,,,,
Chad,TCD,"Principal repayments on external debt, long-term (AMT, current US$)",DT.AMT.DLXF.CD,,,,,,,,,,,2541000,5829000,3587000,2829000,2613000,5073000,3665000,2829000,2457000,1824000,2624000,558000,1043000,183000,3034000,10285000,3331000,2350000,3112000,3358000,3216000,4057000,3877000,6282000,7662000,3273000,9865000,10940000,8487000,13406000,13159000,12339000,9259000,15795000,14510000,24089000,24001000,33827000,104672000,41728000,45225000,56895000,58353000,94529000,538591000,26836000,29843000,214603000
East Asia & Pacific (IDA & IBRD countries),TEA,"Principal repayments on external debt, long-term (AMT, current US$)",DT.AMT.DLXF.CD,,,,,,,,,,,,,,,,,,,,,,,,,,,,,,,,,,,,,,,,,,,,,,,,,,,,,,,,,,
Europe & Central Asia (IDA & IBRD countries),TEC,"Principal repayments on external debt, long-term (AMT, current US$)",DT.AMT.DLXF.CD,,,,,,,,,,,,,,,,,,,,,,,,,,,,,,,,,,,,,,,,,,,,,,,,,,,,,,,,,,
Togo,TGO,"Principal repayments on external debt, long-term (AMT, current US$)",DT.AMT.DLXF.CD,,,,,,,,,,,1616000,1686000,4169000,5378000,6538000,12126000,19470000,46996000,36557000,18676000,18522000,50840000,46871000,22671000,37880000,51375000,83923000,32304000,24999000,24748000,26827000,19360000,9189000,5727000,6301000,6559000,20416000,28287000,16138000,19666000,9944000,12295000,1601000,1743000,2854000,7948000,15343000,3823000,140100000,39476000,27778000,9959000,12950000,37770000,30068000,23919000,41025000,42767000
Thailand,THA,"Principal repayments on external debt, long-term (AMT, current US$)",DT.AMT.DLXF.CD,,,,,,,,,,,130641000,157390000,139064000,212102000,168921000,253691000,271328000,316839000,605940000,640172000,781785000,628474000,801412000,1014468000,1384600000,1661293000,2020999000,1887455000,2585118000,2404267000,2983735000,2260801000,3197548000,4253344000,5165796000,4405425000,4313139000,6183622000,7818450000,9449617000,8961010000,15719792000,15810982000,12559464000,11213101000,16463878000,12794248000,20332591000,15416783000,11312797000,9385557000,8814525000,13316488000,11053867000,12937073000,17303663000,12332723000,11171872000
Tajikistan,TJK,"Principal repayments on external debt, long-term (AMT, current US$)",DT.AMT.DLXF.CD,,,,,,,,,,,0,0,0,0,0,0,0,0,0,0,0,0,0,0,0,0,0,0,0,0,0,0,0,0,0,0,0,28894000,61032000,48217000,27559000,46316000,44502000,50839000,62359000,42022000,39389000,39333000,63997000,408719000,630457000,512944000,334454000,320398000,321669000,204580000,493400000,608335000
Turkmenistan,TKM,"Principal repayments on external debt, long-term (AMT, current US$)",DT.AMT.DLXF.CD,,,,,,,,,,,0,0,0,0,0,0,0,0,0,0,0,0,0,0,0,0,0,0,0,0,0,0,0,8653000,71580000,80281000,153877000,196971000,226012000,223820000,352953000,431106000,460563000,435692000,396861000,261415000,216490000,166299000,140810000,146428000,142811000,120928000,41022000,40561000,47068000,48071000,32596000,27560000
Latin America & the Caribbean (IDA & IBRD countries),TLA,"Principal repayments on external debt, long-term (AMT, current US$)",DT.AMT.DLXF.CD,,,,,,,,,,,,,,,,,,,,,,,,,,,,,,,,,,,,,,,,,,,,,,,,,,,,,,,,,,
Timor-Leste,TLS,"Principal repayments on external debt, long-term (AMT, current US$)",DT.AMT.DLXF.CD,,,,,,,,,,,,,,,,,,,,,,,,,,,,,,,,,,,,,,,,,,,,,,,,,,,,,,,,,,
Middle East & North Africa (IDA & IBRD countries),TMN,"Principal repayments on external debt, long-term (AMT, current US$)",DT.AMT.DLXF.CD,,,,,,,,,,,,,,,,,,,,,,,,,,,,,,,,,,,,,,,,,,,,,,,,,,,,,,,,,,
Tonga,TON,"Principal repayments on external debt, long-term (AMT, current US$)",DT.AMT.DLXF.CD,,,,,,,,,,,0,0,0,0,0,0,0,0,0,0,0,0,0,0,0,556000,638000,793000,825000,785000,1029000,1134000,1034000,1154000,2080000,2430000,2677000,3176000,2765000,3302000,3671000,2018000,2704000,2750000,3326000,3662000,3183000,3556000,3749000,2407000,2658000,3273000,3414000,3405000,5934000,12562000,12195000,11133000
South Asia (IDA & IBRD),TSA,"Principal repayments on external debt, long-term (AMT, current US$)",DT.AMT.DLXF.CD,,,,,,,,,,,,,,,,,,,,,,,,,,,,,,,,,,,,,,,,,,,,,,,,,,,,,,,,,,
Sub-Saharan Africa (IDA & IBRD countries),TSS,"Principal repayments on external debt, long-term (AMT, current US$)",DT.AMT.DLXF.CD,,,,,,,,,,,,,,,,,,,,,,,,,,,,,,,,,,,,,,,,,,,,,,,,,,,,,,,,,,
Trinidad and Tobago,TTO,"Principal repayments on external debt, long-term (AMT, current US$)",DT.AMT.DLXF.CD,,,,,,,,,,,,,,,,,,,,,,,,,,,,,,,,,,,,,,,,,,,,,,,,,,,,,,,,,,
Tunisia,TUN,"Principal repayments on external debt, long-term (AMT, current US$)",DT.AMT.DLXF.CD,,,,,,,,,,,46983000,50811000,72284000,61619000,62943000,68430000,64117000,117791000,152508000,204600000,260594000,362956000,332422000,413247000,441499000,475699000,550154000,728677000,649546000,673078000,872591000,793907000,858114000,844354000,928048000,923696000,860712000,825063000,817969000,909647000,1296093000,856355000,934893000,1011265000,1389640000,1186694000,1652871000,1587877000,1169612000,1349948000,1616971000,1905200000,1899469000,1799616000,1314366000,1474275000,1160588000,2454441000
Turkey,TUR,"Principal repayments on external debt, long-term (AMT, current US$)",DT.AMT.DLXF.CD,,,,,,,,,,,106364000,111642000,157998000,128613000,156078000,172760000,201574000,234550000,361461000,479669000,594690000,804778000,1193256000,1165476000,1179553000,2378710000,2008527000,3051411000,3899904000,3770831000,3960539000,4894792000,5329572000,4638233000,6279703000,7020352000,6479250000,6973729000,9042241000,12530576000,13744452000,15049362000,15754443000,19797694000,20532587000,24650213000,23509808000,31637855000,40167772000,49661419000,45503077000,40181195000,41325360000,46937740000,41384647000,11880656000,61586522000,60624925000
Tuvalu,TUV,"Principal repayments on external debt, long-term (AMT, current US$)",DT.AMT.DLXF.CD,,,,,,,,,,,,,,,,,,,,,,,,,,,,,,,,,,,,,,,,,,,,,,,,,,,,,,,,,,
Tanzania,TZA,"Principal repayments on external debt, long-term (AMT, current US$)",DT.AMT.DLXF.CD,,,,,,,,,,,1700000,1639000,1853000,2251000,2528000,6294000,5281000,8811000,15631000,26472000,32529000,36968000,40027000,48551000,37375000,108617000,61431000,72337000,76143000,106738000,89193000,117897000,166362000,97841000,101095000,121552000,144350000,86062000,93412000,103605000,93733000,92370000,56843000,40490000,39490000,30966000,36081000,19719000,22258000,105172000,131313000,76112000,77891000,79708000,117399000,136708000,273410000,1444617000
Uganda,UGA,"Principal repayments on external debt, long-term (AMT, current US$)",DT.AMT.DLXF.CD,,,,,,,,,,,4512000,4849000,5019000,19859000,9887000,7875000,5543000,12948000,7482000,14734000,32108000,38198000,33139000,37905000,40357000,38159000,34447000,43851000,77733000,71311000,65416000,68438000,50456000,93074000,86467000,68798000,55131000,59595000,66980000,60843000,26334000,17854000,26320000,31916000,36579000,98938000,69820000,49507000,52104000,49024000,39845000,35286000,37726000,44216000,154054000,45340000,779072000,424205000
Ukraine,UKR,"Principal repayments on external debt, long-term (AMT, current US$)",DT.AMT.DLXF.CD,,,,,,,,,,,0,0,0,0,0,0,0,0,0,0,0,0,0,0,0,0,0,0,0,0,0,0,50000,140094000,232541000,635730000,790727000,687487000,1336202000,1552828000,2121208000,1219961000,2464314000,2883349000,3019811000,4055482000,6700305000,8361020000,14346301000,18226177000,22865595000,21732486000,21113995000,26430100000,11741428000,22805788000,8311897000,10648692000
Upper middle income,UMC,"Principal repayments on external debt, long-term (AMT, current US$)",DT.AMT.DLXF.CD,,,,,,,,,,,3855392000,4267089000,5105229000,6472165000,8042088000,8515688000,10045731000,13310668000,19700329000,26943069000,27481970000,29450465000,31181912000,25055573000,27406293000,28166262000,30317943000,31733266000,41541752000,41632597000,40595190000,38584236000,50894898000,58725659000,62541683000,73624574000,101984769000,119081701000,118601029000,152982426000,159651267000,162999954000,162962258000,177557856000,177691941000,206724121000,257301281000,244255676000,304089944000,319324590000,280251089000,290600466000,298466090000,349386306000,366457077000,442190292000,495905554000,530318659000
Uruguay,URY,"Principal repayments on external debt, long-term (AMT, current US$)",DT.AMT.DLXF.CD,,,,,,,,,,,,,,,,,,,,,,,,,,,,,,,,,,,,,,,,,,,,,,,,,,,,,,,,,,
United States,USA,"Principal repayments on external debt, long-term (AMT, current US$)",DT.AMT.DLXF.CD,,,,,,,,,,,,,,,,,,,,,,,,,,,,,,,,,,,,,,,,,,,,,,,,,,,,,,,,,,
Uzbekistan,UZB,"Principal repayments on external debt, long-term (AMT, current US$)",DT.AMT.DLXF.CD,,,,,,,,,,,0,0,0,0,0,0,0,0,0,0,0,0,0,0,0,0,0,0,0,0,0,0,4071000,16408000,96721000,149381000,193730000,327013000,224497000,338687000,589285000,595679000,560216000,638228000,694694000,620276000,668549000,645638000,710314000,712934000,492811000,460407000,516409000,528876000,674278000,957841000,1003173000,2588477000
St. Vincent and the Grenadines,VCT,"Principal repayments on external debt, long-term (AMT, current US$)",DT.AMT.DLXF.CD,,,,,,,,,,,0,0,0,0,0,0,8000,25000,27000,69000,146000,262000,814000,736000,734000,1222000,1439000,1641000,2104000,1955000,2452000,3019000,3842000,5495000,4870000,4512000,5631000,6773000,6674000,6094000,6117000,6636000,7441000,9223000,12861000,15467000,22122000,18307000,19844000,24875000,26248000,25007000,28190000,24542000,22066000,24800000,24634000,29527000
"Venezuela, RB",VEN,"Principal repayments on external debt, long-term (AMT, current US$)",DT.AMT.DLXF.CD,,,,,,,,,,,72418000,116189000,190847000,270082000,446811000,478770000,320878000,657264000,486870000,2295021000,2979536000,2532547000,2420300000,1644055000,1882106000,999526000,2019671000,2126993000,2430624000,746019000,1748786000,791976000,1013285000,1515379000,1373888000,2277796000,2314629000,2047233000,3134525000,2807648000,2920567000,4696846000,5225054000,6556339000,4053317000,2385432000,2222657000,4362458000,6760291000,7312721000,10058043000,14461209000,15526848000,14579550000,15025073000,16158508000,10489101000,7820089000
British Virgin Islands,VGB,"Principal repayments on external debt, long-term (AMT, current US$)",DT.AMT.DLXF.CD,,,,,,,,,,,,,,,,,,,,,,,,,,,,,,,,,,,,,,,,,,,,,,,,,,,,,,,,,,
Virgin Islands (U.S.),VIR,"Principal repayments on external debt, long-term (AMT, current US$)",DT.AMT.DLXF.CD,,,,,,,,,,,,,,,,,,,,,,,,,,,,,,,,,,,,,,,,,,,,,,,,,,,,,,,,,,
Vietnam,VNM,"Principal repayments on external debt, long-term (AMT, current US$)",DT.AMT.DLXF.CD,,,,,,,,,,,0,0,0,0,0,0,0,0,0,0,0,0,0,500000,1000000,1000000,1000000,1000000,1000000,142173000,99233000,103532000,174788000,209232000,210292000,224645000,202191000,504331000,588791000,1023761000,936686000,791283000,844041000,473638000,384064000,480371000,476985000,616803000,769992000,915043000,1048322000,3082163000,3275561000,3273835000,5300827000,4920527000,5732359000,9004427000
Vanuatu,VUT,"Principal repayments on external debt, long-term (AMT, current US$)",DT.AMT.DLXF.CD,,,,,,,,,,,0,0,0,0,0,0,0,0,0,0,0,290000,306000,331000,386000,384000,571000,2109000,705000,602000,968000,786000,871000,880000,828000,774000,840000,723000,473000,731000,892000,810000,885000,1055000,1559000,1084000,2154000,2130000,2539000,3523000,3563000,3378000,3590000,4915000,5534000,4988000,4895000,5268000
World,WLD,"Principal repayments on external debt, long-term (AMT, current US$)",DT.AMT.DLXF.CD,,,,,,,,,,,,,,,,,,,,,,,,,,,,,,,,,,,,,,,,,,,,,,,,,,,,,,,,,,
Samoa,WSM,"Principal repayments on external debt, long-term (AMT, current US$)",DT.AMT.DLXF.CD,,,,,,,,,,,75000,72000,183000,531000,560000,566000,2846000,1108000,1634000,2127000,2293000,1673000,1741000,2705000,2886000,3569000,4041000,2682000,2873000,3309000,3255000,2923000,3257000,2752000,3669000,2964000,3100000,3227000,2809000,3296000,4194000,3486000,3543000,4039000,4518000,4264000,4884000,5274000,5962000,5997000,7243000,7747000,8606000,9696000,13370000,13726000,15593000,17067000
Kosovo,XKX,"Principal repayments on external debt, long-term (AMT, current US$)",DT.AMT.DLXF.CD,,,,,,,,,,,0,0,0,0,0,0,0,0,0,0,0,0,0,0,0,0,0,0,0,0,0,0,0,0,0,0,0,0,0,0,0,0,0,0,0,0,0,0,36790000,268968000,75575000,84885000,93916000,100658000,93309000,79044000,91510000,300098000
"Yemen, Rep.",YEM,"Principal repayments on external debt, long-term (AMT, current US$)",DT.AMT.DLXF.CD,,,,,,,,,,,0,226000,226000,4076000,3271000,3554000,13157000,8792000,8087000,11763000,24559000,63540000,56620000,39392000,58939000,68352000,76945000,151941000,185824000,153676000,79483000,117539000,82522000,78079000,57836000,65289000,57853000,59858000,119309000,65345000,81217000,131659000,93512000,100224000,114381000,94070000,100890000,112763000,134097000,139859000,154513000,175111000,180864000,193668000,274948000,279310000,98295000,357926000
South Africa,ZAF,"Principal repayments on external debt, long-term (AMT, current US$)",DT.AMT.DLXF.CD,,,,,,,,,,,0,0,0,0,0,0,0,0,0,0,0,0,0,0,0,0,0,0,0,0,0,0,0,0,1994454000,2070359000,2769479000,4680327000,2441783000,2843888000,2631000000,3172250000,3766399000,2951095000,2615973000,2870478000,4921402000,1703066000,4892000000,2773320000,3470185000,2736666000,5292545000,8701852000,3152556000,2686734000,7419790000,7565135000
Zambia,ZMB,"Principal repayments on external debt, long-term (AMT, current US$)",DT.AMT.DLXF.CD,,,,,,,,,,,41266000,51639000,86179000,290125000,83421000,70347000,89801000,160770000,209204000,212647000,213185000,236709000,102528000,51453000,57903000,45687000,86707000,93239000,111729000,111450000,99592000,254169000,144927000,140493000,184668000,242018000,155993000,164563000,132305000,58353000,97569000,86054000,101162000,307010000,142801000,136398000,87363000,75462000,114032000,122075000,86443000,138551000,142953000,189715000,231026000,215161000,209698000,267257000
Zimbabwe,ZWE,"Principal repayments on external debt, long-term (AMT, current US$)",DT.AMT.DLXF.CD,,,,,,,,,,,4840000,4759000,5613000,10574000,9549000,5703000,5280000,4211000,4071000,7278000,39665000,34559000,47766000,332830000,153043000,197011000,208417000,255846000,277374000,225304000,246812000,259663000,389104000,415694000,376214000,398255000,396528000,418556000,689076000,384989000,210772000,107660000,46325000,58143000,86145000,44975000,33281000,54923000,54229000,65899000,336883000,1096495000,440425000,327487000,323252000,358248000,901535000,729384000
