Name,alma mater,born,cabinet,children,citizenship,education,father,house,mother,nationality,occupation,other politicalaffiliations,parents,political party,profession,relatives,religion,residence,spouse(s),website
AbdullahbinZayedAlNahyan.csv,united arab emirates university, (1972-04-30) 30 april 1972 (age 46)abu dhabi| united arab emirates,,"
fatima
mohammed
zayed
saif
",,,zayed bin sultan al nahyan,,fatima bint mubarak al ketbi,,,,,,,,,,al yazia bint saif bin mohammed al nahyan,
AnwarGargash.csv,george washington universitycambridge university, (1959-03-28) 28 march 1959 (age 59)dubai| united arab emirates,,,,,,,,emirati,,,,,,,,,,
CarwynJones.csv,university of walesinns of court school of law,carwyn howell jones (1967-03-21) 21 march 1967 (age 51)swansea| wales,,2,,,,,,welsh,,,,labour,barrister,,,,lisa jones,www.carwynjonesam.co.uk
CatherineE.Pugh.csv,,catherine crump (1950-03-10) march 10| 1950 (age 68)norristown| pennsylvania| u.s.,,,,morgan state university (bs| mba),,,,,,,,democratic,,,,,,campaign website
CheriBustos.csv,,cheryl lea callahan (1961-10-17) october 17| 1961 (age 57)springfield| illinois| u.s.,,3,,university of maryland| college park (ba)university of illinois at springfield (ma),,,,,,,,democratic,,,,,gerry bustos,house website
DarrellSteinberg.csv,university of california| los angeles (ba)university of california| davis (jd),darrell steven steinberg (1959-10-15) october 15| 1959 (age 59)san francisco| california| u.s.,,2,,,,,,,,,,democratic,,,,,julie steinberg,
DavidBriley.csv,,clifton david briley (1964-01-08) january 8| 1964 (age 54)nashville| tennessee| u.s.,,1,,georgetown university (ba)golden gate university (jd),,,,,,,,democratic,,,,,jodie bell,official website
DavidCicilline.csv,,david nicola cicilline (1961-07-15) july 15| 1961 (age 57)providence| rhode island| u.s.,,,,brown university (ba)georgetown university (jd),,,,,,,,democratic,,,,,,house website
FrancisHabgood.csv,newcastle university  university of cambridge,francis john stapylton habgood (1964-11-19) 19 november 1964 (age 54),,,united kingdom,chorister school| durham  repton school,,,,british,,,,,,,,,,
HakeemJeffries.csv,,hakeem sekou jeffries (1970-08-04) august 4| 1970 (age 48)new york city| u.s.,,2,,binghamton university (ba)georgetown university (mpp)new york university (jd),,,,,,,,democratic,,leonard jeffries (uncle),,,kennisandra arciniegas,house website
JeremyCorbyn.csv,north london polytechnic,jeremy bernard corbyn (1949-05-26) 26 may 1949 (age 69)chippenham| england,,3 sons,,castle house schooladams' grammar school,,,,,,,,labour,,piers corbyn (brother),,finsbury park| north london[1][2],jane chapman(m. 1974; div. 1979)claudia bracchitta(m. 1987; div. 1999)laura álvarez (m. 2012),official website
JimAllister.csv,queen's university| belfast, (1953-04-02) 2 april 1953 (age 65)listooder| crossgar| northern ireland,,3,,,,,,british,politician,dup (1971–2007),,traditional unionist voice,barrister,,,,ruth allister,official website
JimClyburn.csv,,james enos clyburn (1940-07-21) july 21| 1940 (age 78)sumter| south carolina| u.s.,,mignon,,south carolina state university (ba),,,,,,,,democratic,,,,,emily clyburn,
"JimWallace,BaronWallaceofTankerness.csv",downing college| cambridgeuniversity of edinburgh, (1954-08-25) august 25| 1954 (age 64)annan| scotland| united kingdom,,,,annan academy| dumfriesshire,,,,,,,,liberal democrats,,,,,,
JoeCrowley.csv,, (1962-03-16) march 16| 1962 (age 56)new york city| new york| u.s.,,3,,city university of new york| queens (ba),,,,,,,,democratic,,,,,kasey nilson,
JohnRoberts.csv,,john glover roberts jr. (1955-01-27) january 27| 1955 (age 63)buffalo| new york| u.s.,,2,,harvard university (ba| jd),,,,,,,,,,,,,jane sullivan (m. 1996),
JoshuaLaw.csv,st peter's college| oxford,1957 (age 60–61),,,,,,,,,,,,,,,,,,
KenLivingstone.csv,philippa fawcett teacher training college,kenneth robert livingstone (1945-06-17) 17 june 1945 (age 73)lambeth| london| england| uk,,5,,,,,,,,labour (1968–2000; 2003–2018)[1],,independent (2000–2003; 2018–present),,,,,christine chapman (1973–1982)emma beal (2009–present)[2],
LaToyaCantrell.csv,, (1972-04-03) april 3| 1972 (age 46)los angeles| california| u.s.,,rayann cantrell,,xavier university| louisiana (ba),,,,,,,,democratic,,,,broadmoor| new orleans| louisiana,jason cantrell,official website
MansourbinZayedAlNahyan.csv,,,cabinet of the united arab emirates,,,,,al nahyan,,,politician,,,,,,,,,
MohammedbinRashidAlMaktoum.csv,, (1949-07-15) 15 july 1949 (age 69)al shindagha| dubai| trucial states (now united arab emirates),,see below,,,,,,,,,"
rashid bin saeed al maktoum
latifa bint hamdan al nahyan
",,,,sunni islam[3],,"
hind bint maktoum bin juma al maktoum (m. 1979)
haya bint al hussein (m. 2004)
",
NahyanbinMubarakAlNahyan.csv,,,,,,,,,,emirati,,,,,,"
hamdan bin mubarak al nahyan (brother)
khalifa bin zayed bin khalifa al nahyan (great grandfather)
",,,,
"NatalieEvans,BaronessEvansofBowesPark.csv",new hall| cambridge, (1975-11-29) 29 november 1975 (age 43),,,,,,,,,,,,conservative,,,,,,
PatrickHarvie.csv,manchester metropolitan university, (1973-03-18) 18 march 1973 (age 45)vale of leven| dunbartonshire| scotland,,,,,,,,,,,,scottish green party,,,,,,official website
RichardCorbett.csv,trinity college| oxforduniversity of hull, (1955-01-06) 6 january 1955 (age 63)southport| lancashire| england,,,,farnborough road school| southportinternational school of geneva,,,,british,,,,labour,,,,,,http://www.richardcorbett.org.uk/
RichardLeonard(Scottishpolitician).csv,university of stirling,1962 (age 55–56)yorkshire| england,,,,,,,,,,,,labour,,,,,,
SlyJames.csv,rockhurst college (ba)syracuse universityuniversity of minnesota (jd),sylvester james| jr. (1951-12-09) december 9| 1951 (age 66)kansas city| missouri| u.s.,,ericmalikkyleaja,,,,,,,,,,democratic,,,,kansas city| missouri,licia clifton,www.kcmayor.org
TheresaMay.csv,st hugh's college| oxford,theresa mary brasier (1956-10-01) 1 october 1956 (age 62)eastbourne| sussex| england,,,,,,,,,,,"
hubert brasier
zaidee mary barnes
",conservative,,,,10 downing street (official),philip may (m. 1980),www.tmay.co.uk
ViLyles.csv,queens university of charlotte (ba)university of north carolina at chapel hill (mpa),viola alexander (1952-09-28) september 28| 1952 (age 66)columbia| south carolina| u.s.,,4,,,,,,,,,,democratic,,,,,john lyles(m. 1996; died 2013),official website
